condition,lambda_language_alignment,seed,language,task_type,decoding_rule,n,target_mean,target_median,prediction_mean,mae,rmse,mse,mean_baseline_mae,mean_baseline_rmse,median_baseline_mae,median_baseline_rmse
align000,0.0,0,all,regression,none_in_implementation,1052.0,0.9866920152091255,0.0,0.8539537470150357,0.46832779056601537,0.6998778202483151,0.4898289632755329,1.3431016784975929,2.022171236495096,0.9866920152091255,2.250052808843728
align000,0.0,0,de,regression,none_in_implementation,526.0,0.9866920152091255,0.0,0.8566375164555903,0.46961061309796437,0.7092677623093507,0.5030607586513136,1.3431016784975929,2.022171236495096,0.9866920152091255,2.250052808843728
align000,0.0,0,en,regression,none_in_implementation,526.0,0.9866920152091255,0.0,0.8512699775744811,0.4670449680340664,0.6903601725909109,0.4765971678997522,1.3431016784975929,2.022171236495096,0.9866920152091255,2.250052808843728
align000,0.0,1,all,regression,none_in_implementation,1052.0,0.9866920152091255,0.0,0.9418746622389063,0.4715316007143956,0.6827180934128732,0.4661039950733086,1.3431016784975929,2.022171236495096,0.9866920152091255,2.250052808843728
align000,0.0,1,de,regression,none_in_implementation,526.0,0.9866920152091255,0.0,0.941009330464095,0.4710983217166234,0.6834084851682132,0.4670471575999118,1.3431016784975929,2.022171236495096,0.9866920152091255,2.250052808843728
align000,0.0,1,en,regression,none_in_implementation,526.0,0.9866920152091255,0.0,0.9427399940137174,0.47196487971216783,0.6820270027987935,0.46516083254670537,1.3431016784975929,2.022171236495096,0.9866920152091255,2.250052808843728
align000,0.0,2,all,regression,none_in_implementation,1052.0,0.9866920152091255,0.0,0.9132480661211245,0.4609968260058092,0.6825873512678754,0.46592549211089396,1.3431016784975929,2.022171236495096,0.9866920152091255,2.250052808843728
align000,0.0,2,de,regression,none_in_implementation,526.0,0.9866920152091255,0.0,0.9141598251779269,0.4748073467283648,0.6981459798272522,0.4874078091489541,1.3431016784975929,2.022171236495096,0.9866920152091255,2.250052808843728
align000,0.0,2,en,regression,none_in_implementation,526.0,0.9866920152091255,0.0,0.912336307064322,0.44718630528325365,0.6666657146372789,0.44444317507283376,1.3431016784975929,2.022171236495096,0.9866920152091255,2.250052808843728
align000,0.0,3,all,regression,none_in_implementation,1052.0,0.9866920152091255,0.0,1.0112347068484633,0.5293790805985719,0.7569464667165842,0.5729679534747208,1.3431016784975929,2.022171236495096,0.9866920152091255,2.250052808843728
align000,0.0,3,de,regression,none_in_implementation,526.0,0.9866920152091255,0.0,1.005755125350202,0.5362879294732111,0.7586593148378696,0.5755639559902658,1.3431016784975929,2.022171236495096,0.9866920152091255,2.250052808843728
align000,0.0,3,en,regression,none_in_implementation,526.0,0.9866920152091255,0.0,1.0167142883467244,0.5224702317239327,0.7552297338950419,0.5703719509591758,1.3431016784975929,2.022171236495096,0.9866920152091255,2.250052808843728
align000,0.0,4,all,regression,none_in_implementation,1052.0,0.9866920152091255,0.0,0.8748907315059646,0.4775935388435769,0.6965377683607434,0.4851648627529647,1.3431016784975929,2.022171236495096,0.9866920152091255,2.250052808843728
align000,0.0,4,de,regression,none_in_implementation,526.0,0.9866920152091255,0.0,0.8703499489212444,0.4797156652145286,0.6935952294141227,0.48107434226602946,1.3431016784975929,2.022171236495096,0.9866920152091255,2.250052808843728
align000,0.0,4,en,regression,none_in_implementation,526.0,0.9866920152091255,0.0,0.8794315140906849,0.4754714124726252,0.6994679286714295,0.48925538323990003,1.3431016784975929,2.022171236495096,0.9866920152091255,2.250052808843728
align000,0.0,5,all,regression,none_in_implementation,1052.0,0.9866920152091255,0.0,0.9675800570750701,0.5014646722839529,0.7051000360652795,0.4971660608592584,1.3431016784975929,2.022171236495096,0.9866920152091255,2.250052808843728
align000,0.0,5,de,regression,none_in_implementation,526.0,0.9866920152091255,0.0,0.9814466340644391,0.5027696936543563,0.7047362868329914,0.4966532339791523,1.3431016784975929,2.022171236495096,0.9866920152091255,2.250052808843728
align000,0.0,5,en,regression,none_in_implementation,526.0,0.9866920152091255,0.0,0.9537134800857011,0.5001596509135494,0.7054635977421971,0.4976788877393645,1.3431016784975929,2.022171236495096,0.9866920152091255,2.250052808843728
align000,0.0,6,all,regression,none_in_implementation,1052.0,0.9866920152091255,0.0,0.9242065542239427,0.48646054138560485,0.7153209029939457,0.5116839942600738,1.3431016784975929,2.022171236495096,0.9866920152091255,2.250052808843728
align000,0.0,6,de,regression,none_in_implementation,526.0,0.9866920152091255,0.0,0.9152603526971526,0.4715826745594749,0.6928445075204522,0.480033511601258,1.3431016784975929,2.022171236495096,0.9866920152091255,2.250052808843728
align000,0.0,6,en,regression,none_in_implementation,526.0,0.9866920152091255,0.0,0.9331527557507328,0.5013384082117348,0.7371122553036883,0.5433344769188897,1.3431016784975929,2.022171236495096,0.9866920152091255,2.250052808843728
align000,0.0,7,all,regression,none_in_implementation,1052.0,0.9866920152091255,0.0,0.8596583659204693,0.520837557151517,0.7585064433154205,0.5753320245510093,1.3431016784975929,2.022171236495096,0.9866920152091255,2.250052808843728
align000,0.0,7,de,regression,none_in_implementation,526.0,0.9866920152091255,0.0,0.8570391558563981,0.5166404515136558,0.7589715174185118,0.5760377642525583,1.3431016784975929,2.022171236495096,0.9866920152091255,2.250052808843728
align000,0.0,7,en,regression,none_in_implementation,526.0,0.9866920152091255,0.0,0.8622775759845406,0.5250346627893784,0.7580410838796671,0.5746262848494604,1.3431016784975929,2.022171236495096,0.9866920152091255,2.250052808843728
align000,0.0,8,all,regression,none_in_implementation,1052.0,0.9866920152091255,0.0,0.9182985482716175,0.5261899484286063,0.774613724426725,0.6000264220702424,1.3431016784975929,2.022171236495096,0.9866920152091255,2.250052808843728
align000,0.0,8,de,regression,none_in_implementation,526.0,0.9866920152091255,0.0,0.9417051664153433,0.5143015357619682,0.757138068509305,0.573258054786001,1.3431016784975929,2.022171236495096,0.9866920152091255,2.250052808843728
align000,0.0,8,en,regression,none_in_implementation,526.0,0.9866920152091255,0.0,0.8948919301278917,0.5380783610952444,0.7917037257424546,0.6267947893544837,1.3431016784975929,2.022171236495096,0.9866920152091255,2.250052808843728
align000,0.0,9,all,regression,none_in_implementation,1052.0,0.9866920152091255,0.0,0.891793487733407,0.5185693671250496,0.7485379139070197,0.560309008556273,1.3431016784975929,2.022171236495096,0.9866920152091255,2.250052808843728
align000,0.0,9,de,regression,none_in_implementation,526.0,0.9866920152091255,0.0,0.8960755438669566,0.512669237490793,0.7399801370088972,0.5475706031677063,1.3431016784975929,2.022171236495096,0.9866920152091255,2.250052808843728
align000,0.0,9,en,regression,none_in_implementation,526.0,0.9866920152091255,0.0,0.8875114315998575,0.5244694967593063,0.7569989524066989,0.5730474139448396,1.3431016784975929,2.022171236495096,0.9866920152091255,2.250052808843728
align003,0.03,0,all,regression,none_in_implementation,1052.0,0.9866920152091255,0.0,0.8563951816331921,0.46746287701346917,0.6996791993514804,0.48955098200512864,1.3431016784975929,2.022171236495096,0.9866920152091255,2.250052808843728
align003,0.03,0,de,regression,none_in_implementation,526.0,0.9866920152091255,0.0,0.8615580506042042,0.46577279082014306,0.7032477798161407,0.49455743981633116,1.3431016784975929,2.022171236495096,0.9866920152091255,2.250052808843728
align003,0.03,0,en,regression,none_in_implementation,526.0,0.9866920152091255,0.0,0.8512323126621799,0.4691529632067952,0.6960923244756589,0.4845445241939261,1.3431016784975929,2.022171236495096,0.9866920152091255,2.250052808843728
align003,0.03,1,all,regression,none_in_implementation,1052.0,0.9866920152091255,0.0,0.9454321993245768,0.4730664681636165,0.6855738933069812,0.47001156318409204,1.3431016784975929,2.022171236495096,0.9866920152091255,2.250052808843728
align003,0.03,1,de,regression,none_in_implementation,526.0,0.9866920152091255,0.0,0.9475470152488793,0.4720099878500963,0.6860657565948222,0.47068622237202584,1.3431016784975929,2.022171236495096,0.9866920152091255,2.250052808843728
align003,0.03,1,en,regression,none_in_implementation,526.0,0.9866920152091255,0.0,0.9433173834002743,0.47412294847713676,0.6850816768795953,0.4693369039961582,1.3431016784975929,2.022171236495096,0.9866920152091255,2.250052808843728
align003,0.03,2,all,regression,none_in_implementation,1052.0,0.9866920152091255,0.0,0.9106641837569244,0.4573443247139907,0.6777133616261821,0.45929540052666024,1.3431016784975929,2.022171236495096,0.9866920152091255,2.250052808843728
align003,0.03,2,de,regression,none_in_implementation,526.0,0.9866920152091255,0.0,0.9114389893928182,0.4712011623886828,0.694258933957631,0.4819954673799864,1.3431016784975929,2.022171236495096,0.9866920152091255,2.250052808843728
align003,0.03,2,en,regression,none_in_implementation,526.0,0.9866920152091255,0.0,0.9098893781210307,0.44348748703929863,0.6607536104126364,0.43659533367333403,1.3431016784975929,2.022171236495096,0.9866920152091255,2.250052808843728
align003,0.03,3,all,regression,none_in_implementation,1052.0,0.9866920152091255,0.0,1.0206808035169859,0.5308638026268565,0.7587364989401869,0.5756810748240123,1.3431016784975929,2.022171236495096,0.9866920152091255,2.250052808843728
align003,0.03,3,de,regression,none_in_implementation,526.0,0.9866920152091255,0.0,1.0137995729831972,0.5376045392868694,0.760529935331271,0.5784057825349873,1.3431016784975929,2.022171236495096,0.9866920152091255,2.250052808843728
align003,0.03,3,en,regression,none_in_implementation,526.0,0.9866920152091255,0.0,1.0275620340507747,0.5241230659668437,0.7569388133218148,0.5729563671130372,1.3431016784975929,2.022171236495096,0.9866920152091255,2.250052808843728
align003,0.03,4,all,regression,none_in_implementation,1052.0,0.9866920152091255,0.0,0.8659897618873944,0.47992662287993576,0.7041787913432759,0.4958677701776769,1.3431016784975929,2.022171236495096,0.9866920152091255,2.250052808843728
align003,0.03,4,de,regression,none_in_implementation,526.0,0.9866920152091255,0.0,0.8625328062038458,0.48034466304479895,0.7000932800108897,0.490130600716406,1.3431016784975929,2.022171236495096,0.9866920152091255,2.250052808843728
align003,0.03,4,en,regression,none_in_implementation,526.0,0.9866920152091255,0.0,0.869446717570943,0.4795085827150726,0.7082407356534555,0.5016049396389478,1.3431016784975929,2.022171236495096,0.9866920152091255,2.250052808843728
align003,0.03,5,all,regression,none_in_implementation,1052.0,0.9866920152091255,0.0,0.9698928919542906,0.5013057497089212,0.7050249630264679,0.4970601984904724,1.3431016784975929,2.022171236495096,0.9866920152091255,2.250052808843728
align003,0.03,5,de,regression,none_in_implementation,526.0,0.9866920152091255,0.0,0.9843605905204671,0.5028562513906013,0.7048757745608374,0.49684985756274047,1.3431016784975929,2.022171236495096,0.9866920152091255,2.250052808843728
align003,0.03,5,en,regression,none_in_implementation,526.0,0.9866920152091255,0.0,0.9554251933881142,0.49975524802724103,0.7051741199294004,0.4972705394182043,1.3431016784975929,2.022171236495096,0.9866920152091255,2.250052808843728
align003,0.03,6,all,regression,none_in_implementation,1052.0,0.9866920152091255,0.0,0.9288092158263825,0.4878486113803383,0.7151504143665158,0.5114401151685992,1.3431016784975929,2.022171236495096,0.9866920152091255,2.250052808843728
align003,0.03,6,de,regression,none_in_implementation,526.0,0.9866920152091255,0.0,0.9159751165899034,0.47322314262333476,0.6953485882209091,0.4835096591408114,1.3431016784975929,2.022171236495096,0.9866920152091255,2.250052808843728
align003,0.03,6,en,regression,none_in_implementation,526.0,0.9866920152091255,0.0,0.9416433150628617,0.5024740801373418,0.7344185259076647,0.5393705711963871,1.3431016784975929,2.022171236495096,0.9866920152091255,2.250052808843728
align003,0.03,7,all,regression,none_in_implementation,1052.0,0.9866920152091255,0.0,0.8654350051018959,0.5203369767670679,0.758767545778581,0.575728188526851,1.3431016784975929,2.022171236495096,0.9866920152091255,2.250052808843728
align003,0.03,7,de,regression,none_in_implementation,526.0,0.9866920152091255,0.0,0.8592215889052066,0.5163124027332652,0.7610015564360674,0.5791233688981171,1.3431016784975929,2.022171236495096,0.9866920152091255,2.250052808843728
align003,0.03,7,en,regression,none_in_implementation,526.0,0.9866920152091255,0.0,0.871648421298585,0.5243615508008705,0.7565269381559291,0.572333008155585,1.3431016784975929,2.022171236495096,0.9866920152091255,2.250052808843728
align003,0.03,8,all,regression,none_in_implementation,1052.0,0.9866920152091255,0.0,0.9170495523582478,0.527043469871674,0.7759618565166355,0.6021168027687436,1.3431016784975929,2.022171236495096,0.9866920152091255,2.250052808843728
align003,0.03,8,de,regression,none_in_implementation,526.0,0.9866920152091255,0.0,0.9448203186437261,0.51603039800625,0.7579496593936357,0.5744876861749283,1.3431016784975929,2.022171236495096,0.9866920152091255,2.250052808843728
align003,0.03,8,en,regression,none_in_implementation,526.0,0.9866920152091255,0.0,0.8892787860727696,0.5380565417370982,0.7935653214213426,0.6297459193625587,1.3431016784975929,2.022171236495096,0.9866920152091255,2.250052808843728
align003,0.03,9,all,regression,none_in_implementation,1052.0,0.9866920152091255,0.0,0.8914991552324456,0.5194360695565969,0.7500045869908974,0.5625068805073866,1.3431016784975929,2.022171236495096,0.9866920152091255,2.250052808843728
align003,0.03,9,de,regression,none_in_implementation,526.0,0.9866920152091255,0.0,0.8928961599079234,0.5150794679380444,0.7427992748926167,0.5517507627809971,1.3431016784975929,2.022171236495096,0.9866920152091255,2.250052808843728
align003,0.03,9,en,regression,none_in_implementation,526.0,0.9866920152091255,0.0,0.8901021505569678,0.5237926711751495,0.7571413330638979,0.5732629982337762,1.3431016784975929,2.022171236495096,0.9866920152091255,2.250052808843728
align010,0.1,0,all,regression,none_in_implementation,1052.0,0.9866920152091255,0.0,0.8575594904301369,0.4754449235144365,0.7153217242967694,0.5116851692509035,1.3431016784975929,2.022171236495096,0.9866920152091255,2.250052808843728
align010,0.1,0,de,regression,none_in_implementation,526.0,0.9866920152091255,0.0,0.8675295124290787,0.47367372926140466,0.714708994020737,0.5108089461341337,1.3431016784975929,2.022171236495096,0.9866920152091255,2.250052808843728
align010,0.1,0,en,regression,none_in_implementation,526.0,0.9866920152091255,0.0,0.8475894684311952,0.47721611776746836,0.7159339301693092,0.5125613923676733,1.3431016784975929,2.022171236495096,0.9866920152091255,2.250052808843728
align010,0.1,1,all,regression,none_in_implementation,1052.0,0.9866920152091255,0.0,0.9491438143461688,0.47896073743375195,0.6976545663132921,0.48672189389778775,1.3431016784975929,2.022171236495096,0.9866920152091255,2.250052808843728
align010,0.1,1,de,regression,none_in_implementation,526.0,0.9866920152091255,0.0,0.952791579513892,0.4783150089246012,0.6976471611241023,0.48671156142451916,1.3431016784975929,2.022171236495096,0.9866920152091255,2.250052808843728
align010,0.1,1,en,regression,none_in_implementation,526.0,0.9866920152091255,0.0,0.9454960491784455,0.47960646594290274,0.6976619714238811,0.48673222637105634,1.3431016784975929,2.022171236495096,0.9866920152091255,2.250052808843728
align010,0.1,2,all,regression,none_in_implementation,1052.0,0.9866920152091255,0.0,0.9264873297417628,0.4599944680412176,0.6800019303951604,0.46240262534114457,1.3431016784975929,2.022171236495096,0.9866920152091255,2.250052808843728
align010,0.1,2,de,regression,none_in_implementation,526.0,0.9866920152091255,0.0,0.9278921596705914,0.4736335366511073,0.6953274852497621,0.48348031174375805,1.3431016784975929,2.022171236495096,0.9866920152091255,2.250052808843728
align010,0.1,2,en,regression,none_in_implementation,526.0,0.9866920152091255,0.0,0.9250824998129343,0.4463553994313279,0.6643229176677041,0.44132493893853114,1.3431016784975929,2.022171236495096,0.9866920152091255,2.250052808843728
align010,0.1,3,all,regression,none_in_implementation,1052.0,0.9866920152091255,0.0,1.0333199189363238,0.5375691688081299,0.763131047225853,0.582368995240027,1.3431016784975929,2.022171236495096,0.9866920152091255,2.250052808843728
align010,0.1,3,de,regression,none_in_implementation,526.0,0.9866920152091255,0.0,1.0283162341357523,0.5460687629921015,0.7704652876377525,0.5936167594547247,1.3431016784975929,2.022171236495096,0.9866920152091255,2.250052808843728
align010,0.1,3,en,regression,none_in_implementation,526.0,0.9866920152091255,0.0,1.0383236037368953,0.5290695746241584,0.755725632108194,0.5711212310253294,1.3431016784975929,2.022171236495096,0.9866920152091255,2.250052808843728
align010,0.1,4,all,regression,none_in_implementation,1052.0,0.9866920152091255,0.0,0.8554181451502012,0.49195968187254757,0.72581614591676,0.5268090776734594,1.3431016784975929,2.022171236495096,0.9866920152091255,2.250052808843728
align010,0.1,4,de,regression,none_in_implementation,526.0,0.9866920152091255,0.0,0.8509797185744397,0.4953594697717251,0.7270361162170257,0.5285815142839365,1.3431016784975929,2.022171236495096,0.9866920152091255,2.250052808843728
align010,0.1,4,en,regression,none_in_implementation,526.0,0.9866920152091255,0.0,0.8598565717259627,0.48855989397337,0.7245941216039379,0.5250366410629823,1.3431016784975929,2.022171236495096,0.9866920152091255,2.250052808843728
align010,0.1,5,all,regression,none_in_implementation,1052.0,0.9866920152091255,0.0,0.9438592383262663,0.511393938971393,0.7236915537353898,0.5237294649479426,1.3431016784975929,2.022171236495096,0.9866920152091255,2.250052808843728
align010,0.1,5,de,regression,none_in_implementation,526.0,0.9866920152091255,0.0,0.9528239646168716,0.5134062560225621,0.725780848482032,0.5267578400232982,1.3431016784975929,2.022171236495096,0.9866920152091255,2.250052808843728
align010,0.1,5,en,regression,none_in_implementation,526.0,0.9866920152091255,0.0,0.9348945120356609,0.509381621920224,0.7215962097132903,0.5207010898725869,1.3431016784975929,2.022171236495096,0.9866920152091255,2.250052808843728
align010,0.1,6,all,regression,none_in_implementation,1052.0,0.9866920152091255,0.0,0.9331948331596167,0.5048960418769729,0.7400198697699442,0.5476294076543251,1.3431016784975929,2.022171236495096,0.9866920152091255,2.250052808843728
align010,0.1,6,de,regression,none_in_implementation,526.0,0.9866920152091255,0.0,0.907973643548135,0.4857513036139791,0.7197014001957776,0.5179701054437628,1.3431016784975929,2.022171236495096,0.9866920152091255,2.250052808843728
align010,0.1,6,en,regression,none_in_implementation,526.0,0.9866920152091255,0.0,0.9584160227710983,0.5240407801399666,0.7597951762579752,0.5772887098648876,1.3431016784975929,2.022171236495096,0.9866920152091255,2.250052808843728
align010,0.1,7,all,regression,none_in_implementation,1052.0,0.9866920152091255,0.0,0.8452523639496459,0.5225017094035622,0.7727130345320505,0.5970854337357299,1.3431016784975929,2.022171236495096,0.9866920152091255,2.250052808843728
align010,0.1,7,de,regression,none_in_implementation,526.0,0.9866920152091255,0.0,0.8326863964006814,0.5194496776512028,0.7751798709088961,0.6009038322623328,1.3431016784975929,2.022171236495096,0.9866920152091255,2.250052808843728
align010,0.1,7,en,regression,none_in_implementation,526.0,0.9866920152091255,0.0,0.8578183314986102,0.5255537411559217,0.770238297677496,0.5932670352091268,1.3431016784975929,2.022171236495096,0.9866920152091255,2.250052808843728
align010,0.1,8,all,regression,none_in_implementation,1052.0,0.9866920152091255,0.0,0.9230250513567075,0.5290033609655902,0.7805023403393724,0.6091839032752374,1.3431016784975929,2.022171236495096,0.9866920152091255,2.250052808843728
align010,0.1,8,de,regression,none_in_implementation,526.0,0.9866920152091255,0.0,0.9571988107707394,0.5163972099265615,0.7593467097067457,0.5766074255424607,1.3431016784975929,2.022171236495096,0.9866920152091255,2.250052808843728
align010,0.1,8,en,regression,none_in_implementation,526.0,0.9866920152091255,0.0,0.8888512919426758,0.5416095120046188,0.8010994825912785,0.6417603810080141,1.3431016784975929,2.022171236495096,0.9866920152091255,2.250052808843728
align010,0.1,9,all,regression,none_in_implementation,1052.0,0.9866920152091255,0.0,0.884301765832055,0.5205221150947749,0.7642249768717114,0.5840398152745678,1.3431016784975929,2.022171236495096,0.9866920152091255,2.250052808843728
align010,0.1,9,de,regression,none_in_implementation,526.0,0.9866920152091255,0.0,0.8854946025980092,0.5164363476582324,0.7569369146687623,0.5729534927882652,1.3431016784975929,2.022171236495096,0.9866920152091255,2.250052808843728
align010,0.1,9,en,regression,none_in_implementation,526.0,0.9866920152091255,0.0,0.8831089290661008,0.5246078825313173,0.7714441896604514,0.5951261377608704,1.3431016784975929,2.022171236495096,0.9866920152091255,2.250052808843728
align030,0.3,0,all,regression,none_in_implementation,1052.0,0.9866920152091255,0.0,0.8705446870639892,0.502796312140747,0.7608215257401493,0.5788493940295687,1.3431016784975929,2.022171236495096,0.9866920152091255,2.250052808843728
align030,0.3,0,de,regression,none_in_implementation,526.0,0.9866920152091255,0.0,0.8979322633709574,0.4995574586964549,0.7536832462372088,0.5680384356586572,1.3431016784975929,2.022171236495096,0.9866920152091255,2.250052808843728
align030,0.3,0,en,regression,none_in_implementation,526.0,0.9866920152091255,0.0,0.8431571107570209,0.5060351655850392,0.767893451203017,0.5896603524004802,1.3431016784975929,2.022171236495096,0.9866920152091255,2.250052808843728
align030,0.3,1,all,regression,none_in_implementation,1052.0,0.9866920152091255,0.0,0.9535209787388716,0.5064930305850538,0.7663690135549905,0.5873214649372493,1.3431016784975929,2.022171236495096,0.9866920152091255,2.250052808843728
align030,0.3,1,de,regression,none_in_implementation,526.0,0.9866920152091255,0.0,0.9610768800473882,0.5036066999488967,0.7581510129580442,0.5747929584493084,1.3431016784975929,2.022171236495096,0.9866920152091255,2.250052808843728
align030,0.3,1,en,regression,none_in_implementation,526.0,0.9866920152091255,0.0,0.9459650774303551,0.5093793612212109,0.7744998201582685,0.5998499714251901,1.3431016784975929,2.022171236495096,0.9866920152091255,2.250052808843728
align030,0.3,2,all,regression,none_in_implementation,1052.0,0.9866920152091255,0.0,0.9353835885324462,0.48160543741424616,0.7159568271231641,0.5125941783042682,1.3431016784975929,2.022171236495096,0.9866920152091255,2.250052808843728
align030,0.3,2,de,regression,none_in_implementation,526.0,0.9866920152091255,0.0,0.942466091385869,0.49205744975448334,0.7227914674485688,0.5224275054164554,1.3431016784975929,2.022171236495096,0.9866920152091255,2.250052808843728
align030,0.3,2,en,regression,none_in_implementation,526.0,0.9866920152091255,0.0,0.9283010856790235,0.4711534250740089,0.7090563103111635,0.5027608511920809,1.3431016784975929,2.022171236495096,0.9866920152091255,2.250052808843728
align030,0.3,3,all,regression,none_in_implementation,1052.0,0.9866920152091255,0.0,1.0603993303592214,0.5834994076577656,0.8346351924227193,0.6966159044305098,1.3431016784975929,2.022171236495096,0.9866920152091255,2.250052808843728
align030,0.3,3,de,regression,none_in_implementation,526.0,0.9866920152091255,0.0,1.0552079346625864,0.5877552891341339,0.8330785654971784,0.6940198962908365,1.3431016784975929,2.022171236495096,0.9866920152091255,2.250052808843728
align030,0.3,3,en,regression,none_in_implementation,526.0,0.9866920152091255,0.0,1.0655907260558564,0.5792435261813973,0.8361889215782419,0.6992119125701832,1.3431016784975929,2.022171236495096,0.9866920152091255,2.250052808843728
align030,0.3,4,all,regression,none_in_implementation,1052.0,0.9866920152091255,0.0,0.8733908139955352,0.5541607876814647,0.8300871274040089,0.6890446390818393,1.3431016784975929,2.022171236495096,0.9866920152091255,2.250052808843728
align030,0.3,4,de,regression,none_in_implementation,526.0,0.9866920152091255,0.0,0.8816123454417226,0.5548507622708726,0.8287536085505884,0.686832543685622,1.3431016784975929,2.022171236495096,0.9866920152091255,2.250052808843728
align030,0.3,4,en,regression,none_in_implementation,526.0,0.9866920152091255,0.0,0.8651692825493477,0.5534708130920568,0.8314185074185303,0.6912567344780567,1.3431016784975929,2.022171236495096,0.9866920152091255,2.250052808843728
align030,0.3,5,all,regression,none_in_implementation,1052.0,0.9866920152091255,0.0,0.9450528213131054,0.5325123158180838,0.7649422386528342,0.5851366284752095,1.3431016784975929,2.022171236495096,0.9866920152091255,2.250052808843728
align030,0.3,5,de,regression,none_in_implementation,526.0,0.9866920152091255,0.0,0.9471220795504267,0.5392642257869696,0.7758274354085752,0.6019082095326469,1.3431016784975929,2.022171236495096,0.9866920152091255,2.250052808843728
align030,0.3,5,en,regression,none_in_implementation,526.0,0.9866920152091255,0.0,0.942983563075784,0.5257604058491979,0.7538998921725432,0.5683650474177722,1.3431016784975929,2.022171236495096,0.9866920152091255,2.250052808843728
align030,0.3,6,all,regression,none_in_implementation,1052.0,0.9866920152091255,0.0,0.9301930633178795,0.5456435827630441,0.8002162052638033,0.6403459751668014,1.3431016784975929,2.022171236495096,0.9866920152091255,2.250052808843728
align030,0.3,6,de,regression,none_in_implementation,526.0,0.9866920152091255,0.0,0.8994173109460579,0.5358851658952327,0.7950394857743848,0.6320877839403981,1.3431016784975929,2.022171236495096,0.9866920152091255,2.250052808843728
align030,0.3,6,en,regression,none_in_implementation,526.0,0.9866920152091255,0.0,0.960968815689701,0.5554019996308556,0.8053596503384092,0.6486041663932046,1.3431016784975929,2.022171236495096,0.9866920152091255,2.250052808843728
align030,0.3,7,all,regression,none_in_implementation,1052.0,0.9866920152091255,0.0,0.8471286247232964,0.5405206394208305,0.8156887248347735,0.6653480958225788,1.3431016784975929,2.022171236495096,0.9866920152091255,2.250052808843728
align030,0.3,7,de,regression,none_in_implementation,526.0,0.9866920152091255,0.0,0.8267001043580218,0.5361269916772502,0.8172555945637597,0.6679067068457645,1.3431016784975929,2.022171236495096,0.9866920152091255,2.250052808843728
align030,0.3,7,en,regression,none_in_implementation,526.0,0.9866920152091255,0.0,0.8675571450885711,0.5449142871644107,0.8141188394819231,0.6627894847993933,1.3431016784975929,2.022171236495096,0.9866920152091255,2.250052808843728
align030,0.3,8,all,regression,none_in_implementation,1052.0,0.9866920152091255,0.0,0.9170129410922527,0.5456430129281922,0.8127359475951383,0.6605397205133674,1.3431016784975929,2.022171236495096,0.9866920152091255,2.250052808843728
align030,0.3,8,de,regression,none_in_implementation,526.0,0.9866920152091255,0.0,0.9509787925097652,0.5341722379534191,0.7959000524236848,0.6334568934480242,1.3431016784975929,2.022171236495096,0.9866920152091255,2.250052808843728
align030,0.3,8,en,regression,none_in_implementation,526.0,0.9866920152091255,0.0,0.8830470896747402,0.5571137879029653,0.8292300932664651,0.6876225475787104,1.3431016784975929,2.022171236495096,0.9866920152091255,2.250052808843728
align030,0.3,9,all,regression,none_in_implementation,1052.0,0.9866920152091255,0.0,0.8615674178900389,0.5582109074400005,0.8312235382627153,0.6909325705619878,1.3431016784975929,2.022171236495096,0.9866920152091255,2.250052808843728
align030,0.3,9,de,regression,none_in_implementation,526.0,0.9866920152091255,0.0,0.8656965328894818,0.5598611315927458,0.8256718975325997,0.6817340823750839,1.3431016784975929,2.022171236495096,0.9866920152091255,2.250052808843728
align030,0.3,9,en,regression,none_in_implementation,526.0,0.9866920152091255,0.0,0.8574383028905959,0.5565606832872552,0.8367383454514868,0.7001310587488917,1.3431016784975929,2.022171236495096,0.9866920152091255,2.250052808843728
align100,1.0,0,all,regression,none_in_implementation,1052.0,0.9866920152091255,0.0,0.8624931371597283,0.6038459770792224,0.9723235298772318,0.9454130467529201,1.3431016784975929,2.022171236495096,0.9866920152091255,2.250052808843728
align100,1.0,0,de,regression,none_in_implementation,526.0,0.9866920152091255,0.0,0.8657333919629738,0.5926615940088215,0.9623573855463307,0.926131737515569,1.3431016784975929,2.022171236495096,0.9866920152091255,2.250052808843728
align100,1.0,0,en,regression,none_in_implementation,526.0,0.9866920152091255,0.0,0.8592528823564828,0.6150303601496233,0.9821885541942909,0.9646943559902713,1.3431016784975929,2.022171236495096,0.9866920152091255,2.250052808843728
align100,1.0,1,all,regression,none_in_implementation,1052.0,0.9866920152091255,0.0,0.9380616644652341,0.6276894139069285,0.9581502238607263,0.9180518514843601,1.3431016784975929,2.022171236495096,0.9866920152091255,2.250052808843728
align100,1.0,1,de,regression,none_in_implementation,526.0,0.9866920152091255,0.0,0.9500901598780781,0.6109511339080878,0.9293886243538424,0.8637632150783275,1.3431016784975929,2.022171236495096,0.9866920152091255,2.250052808843728
align100,1.0,1,en,regression,none_in_implementation,526.0,0.9866920152091255,0.0,0.9260331690523901,0.6444276939057692,0.986073266999158,0.9723404878903927,1.3431016784975929,2.022171236495096,0.9866920152091255,2.250052808843728
align100,1.0,2,all,regression,none_in_implementation,1052.0,0.9866920152091255,0.0,0.9653383103932321,0.5619852503959953,0.8396679623682125,0.705042287027586,1.3431016784975929,2.022171236495096,0.9866920152091255,2.250052808843728
align100,1.0,2,de,regression,none_in_implementation,526.0,0.9866920152091255,0.0,0.94968809703712,0.5639899574829258,0.8373146224559784,0.7010957769785977,1.3431016784975929,2.022171236495096,0.9866920152091255,2.250052808843728
align100,1.0,2,en,regression,none_in_implementation,526.0,0.9866920152091255,0.0,0.9809885237493442,0.5599805433090649,0.8420147249760982,0.7089887970765744,1.3431016784975929,2.022171236495096,0.9866920152091255,2.250052808843728
align100,1.0,3,all,regression,none_in_implementation,1052.0,0.9866920152091255,0.0,1.018357050339532,0.631917182611082,0.9137937717000939,0.8350190571978834,1.3431016784975929,2.022171236495096,0.9866920152091255,2.250052808843728
align100,1.0,3,de,regression,none_in_implementation,526.0,0.9866920152091255,0.0,1.017426788679434,0.6296105337658536,0.9164025689637217,0.8397936684033088,1.3431016784975929,2.022171236495096,0.9866920152091255,2.250052808843728
align100,1.0,3,en,regression,none_in_implementation,526.0,0.9866920152091255,0.0,1.0192873119996302,0.6342238314563104,0.9111775052054666,0.8302444459924581,1.3431016784975929,2.022171236495096,0.9866920152091255,2.250052808843728
align100,1.0,4,all,regression,none_in_implementation,1052.0,0.9866920152091255,0.0,0.8144901056168424,0.6718695927552963,1.0555938634331392,1.114278404517701,1.3431016784975929,2.022171236495096,0.9866920152091255,2.250052808843728
align100,1.0,4,de,regression,none_in_implementation,526.0,0.9866920152091255,0.0,0.8216698557322583,0.6717092047441935,1.049804925582459,1.1020903817771925,1.3431016784975929,2.022171236495096,0.9866920152091255,2.250052808843728
align100,1.0,4,en,regression,none_in_implementation,526.0,0.9866920152091255,0.0,0.8073103555014265,0.6720299807663993,1.0613512270960115,1.1264664272582094,1.3431016784975929,2.022171236495096,0.9866920152091255,2.250052808843728
align100,1.0,5,all,regression,none_in_implementation,1052.0,0.9866920152091255,0.0,0.9788009595504816,0.5869430594673883,0.8599503903990979,0.7395146739475609,1.3431016784975929,2.022171236495096,0.9866920152091255,2.250052808843728
align100,1.0,5,de,regression,none_in_implementation,526.0,0.9866920152091255,0.0,0.9749162230275912,0.5887259208321033,0.8597743638791886,0.7392119567838633,1.3431016784975929,2.022171236495096,0.9866920152091255,2.250052808843728
align100,1.0,5,en,regression,none_in_implementation,526.0,0.9866920152091255,0.0,0.9826856960733722,0.5851601981026733,0.8601263808948417,0.7398173911112584,1.3431016784975929,2.022171236495096,0.9866920152091255,2.250052808843728
align100,1.0,6,all,regression,none_in_implementation,1052.0,0.9866920152091255,0.0,0.8871187180176221,0.6099182067274297,0.9155334295608708,0.83820146064349,1.3431016784975929,2.022171236495096,0.9866920152091255,2.250052808843728
align100,1.0,6,de,regression,none_in_implementation,526.0,0.9866920152091255,0.0,0.8788783327683438,0.6083883877592197,0.9152877918563457,0.8377517419212651,1.3431016784975929,2.022171236495096,0.9866920152091255,2.250052808843728
align100,1.0,6,en,regression,none_in_implementation,526.0,0.9866920152091255,0.0,0.8953591032669005,0.6114480256956396,0.9157790013784521,0.838651179365715,1.3431016784975929,2.022171236495096,0.9866920152091255,2.250052808843728
align100,1.0,7,all,regression,none_in_implementation,1052.0,0.9866920152091255,0.0,0.8540233649568413,0.6879428060930718,1.0329010880997176,1.0668846577975803,1.3431016784975929,2.022171236495096,0.9866920152091255,2.250052808843728
align100,1.0,7,de,regression,none_in_implementation,526.0,0.9866920152091255,0.0,0.8687088056945529,0.6839345542310309,1.028676081548048,1.0581744807490463,1.3431016784975929,2.022171236495096,0.9866920152091255,2.250052808843728
align100,1.0,7,en,regression,none_in_implementation,526.0,0.9866920152091255,0.0,0.8393379242191297,0.6919510579551128,1.0371088828305899,1.0755948348461144,1.3431016784975929,2.022171236495096,0.9866920152091255,2.250052808843728
align100,1.0,8,all,regression,none_in_implementation,1052.0,0.9866920152091255,0.0,0.8738580920375856,0.633033422027279,0.9486727766921047,0.8999800372367079,1.3431016784975929,2.022171236495096,0.9866920152091255,2.250052808843728
align100,1.0,8,de,regression,none_in_implementation,526.0,0.9866920152091255,0.0,0.9033607920709672,0.6312193421384907,0.9377580030483406,0.8793900722812115,1.3431016784975929,2.022171236495096,0.9866920152091255,2.250052808843728
align100,1.0,8,en,regression,none_in_implementation,526.0,0.9866920152091255,0.0,0.8443553920042038,0.6348475019160672,0.9594633928359144,0.9205700021922043,1.3431016784975929,2.022171236495096,0.9866920152091255,2.250052808843728
align100,1.0,9,all,regression,none_in_implementation,1052.0,0.9866920152091255,0.0,0.9454765152274685,0.6621528111500914,0.9600031899683541,0.9216061247494157,1.3431016784975929,2.022171236495096,0.9866920152091255,2.250052808843728
align100,1.0,9,de,regression,none_in_implementation,526.0,0.9866920152091255,0.0,0.9581836617158677,0.6602643339969076,0.9566953153402626,0.9152659263940046,1.3431016784975929,2.022171236495096,0.9866920152091255,2.250052808843728
align100,1.0,9,en,regression,none_in_implementation,526.0,0.9866920152091255,0.0,0.9327693687390692,0.664041288303275,0.9632997057535244,0.9279463231048267,1.3431016784975929,2.022171236495096,0.9866920152091255,2.250052808843728
monolingual_split_24_8_reg005,,0,all,regression,none_in_implementation,526.0,0.9866920152091255,0.0,0.9288179544030827,0.44473541134918826,0.6516017276173277,0.42458481143388616,1.3431016784975929,2.022171236495096,0.9866920152091255,2.250052808843728
monolingual_split_24_8_reg005,,0,en,regression,none_in_implementation,526.0,0.9866920152091255,0.0,0.9288179544030827,0.44473541134918826,0.6516017276173277,0.42458481143388616,1.3431016784975929,2.022171236495096,0.9866920152091255,2.250052808843728
monolingual_split_24_8_reg005,,1,all,regression,none_in_implementation,526.0,0.9866920152091255,0.0,0.9232705164799899,0.527945194053446,0.7536619089709637,0.5680062730337573,1.3431016784975929,2.022171236495096,0.9866920152091255,2.250052808843728
monolingual_split_24_8_reg005,,1,en,regression,none_in_implementation,526.0,0.9866920152091255,0.0,0.9232705164799899,0.527945194053446,0.7536619089709637,0.5680062730337573,1.3431016784975929,2.022171236495096,0.9866920152091255,2.250052808843728
monolingual_split_24_8_reg005,,2,all,regression,none_in_implementation,526.0,0.9866920152091255,0.0,0.877443046100126,0.5193680178784825,0.771781050904901,0.5956459905358734,1.3431016784975929,2.022171236495096,0.9866920152091255,2.250052808843728
monolingual_split_24_8_reg005,,2,en,regression,none_in_implementation,526.0,0.9866920152091255,0.0,0.877443046100126,0.5193680178784825,0.771781050904901,0.5956459905358734,1.3431016784975929,2.022171236495096,0.9866920152091255,2.250052808843728
monolingual_split_24_8_reg005,,3,all,regression,none_in_implementation,526.0,0.9866920152091255,0.0,0.9378577976668175,0.5277750515113425,0.7626903490804168,0.5816965685804081,1.3431016784975929,2.022171236495096,0.9866920152091255,2.250052808843728
monolingual_split_24_8_reg005,,3,en,regression,none_in_implementation,526.0,0.9866920152091255,0.0,0.9378577976668175,0.5277750515113425,0.7626903490804168,0.5816965685804081,1.3431016784975929,2.022171236495096,0.9866920152091255,2.250052808843728
monolingual_split_24_8_reg005,,4,all,regression,none_in_implementation,526.0,0.9866920152091255,0.0,0.8858996154315515,0.49953112309664033,0.7272677961299955,0.5289184472877807,1.3431016784975929,2.022171236495096,0.9866920152091255,2.250052808843728
monolingual_split_24_8_reg005,,4,en,regression,none_in_implementation,526.0,0.9866920152091255,0.0,0.8858996154315515,0.49953112309664033,0.7272677961299955,0.5289184472877807,1.3431016784975929,2.022171236495096,0.9866920152091255,2.250052808843728
monolingual_split_24_8_reg005,,5,all,regression,none_in_implementation,526.0,0.9866920152091255,0.0,0.8631234314335163,0.5590649597885038,0.8257043996866338,0.6817877556618642,1.3431016784975929,2.022171236495096,0.9866920152091255,2.250052808843728
monolingual_split_24_8_reg005,,5,en,regression,none_in_implementation,526.0,0.9866920152091255,0.0,0.8631234314335163,0.5590649597885038,0.8257043996866338,0.6817877556618642,1.3431016784975929,2.022171236495096,0.9866920152091255,2.250052808843728
monolingual_split_24_8_reg005,,6,all,regression,none_in_implementation,526.0,0.9866920152091255,0.0,0.9284089237819833,0.5118907540753314,0.7785611078195868,0.6061573986092622,1.3431016784975929,2.022171236495096,0.9866920152091255,2.250052808843728
monolingual_split_24_8_reg005,,6,en,regression,none_in_implementation,526.0,0.9866920152091255,0.0,0.9284089237819833,0.5118907540753314,0.7785611078195868,0.6061573986092622,1.3431016784975929,2.022171236495096,0.9866920152091255,2.250052808843728
monolingual_split_24_8_reg005,,7,all,regression,none_in_implementation,526.0,0.9866920152091255,0.0,0.850474743328337,0.5499982664524489,0.8005842739761951,0.6409351797379914,1.3431016784975929,2.022171236495096,0.9866920152091255,2.250052808843728
monolingual_split_24_8_reg005,,7,en,regression,none_in_implementation,526.0,0.9866920152091255,0.0,0.850474743328337,0.5499982664524489,0.8005842739761951,0.6409351797379914,1.3431016784975929,2.022171236495096,0.9866920152091255,2.250052808843728
monolingual_split_24_8_reg005,,8,all,regression,none_in_implementation,526.0,0.9866920152091255,0.0,0.8643714554161683,0.5363217121514248,0.777767980083804,0.6049230308436405,1.3431016784975929,2.022171236495096,0.9866920152091255,2.250052808843728
monolingual_split_24_8_reg005,,8,en,regression,none_in_implementation,526.0,0.9866920152091255,0.0,0.8643714554161683,0.5363217121514248,0.777767980083804,0.6049230308436405,1.3431016784975929,2.022171236495096,0.9866920152091255,2.250052808843728
monolingual_split_24_8_reg005,,9,all,regression,none_in_implementation,526.0,0.9866920152091255,0.0,0.8923407146749671,0.5041779965948413,0.7518330529929556,0.5652529395727084,1.3431016784975929,2.022171236495096,0.9866920152091255,2.250052808843728
monolingual_split_24_8_reg005,,9,en,regression,none_in_implementation,526.0,0.9866920152091255,0.0,0.8923407146749671,0.5041779965948413,0.7518330529929556,0.5652529395727084,1.3431016784975929,2.022171236495096,0.9866920152091255,2.250052808843728
