condition,lambda_language_alignment,seed,metric,published,recomputed,abs_diff
align000,0.0,0,mean_same_id_cross_language_distance,0.7203221608080791,0.7203221608080791,0.0
align000,0.0,0,cross_language_top1_id_accuracy,0.9496197718631179,0.9496197718631179,0.0
align000,0.0,0,cross_language_mrr,0.9743346007604563,0.9743346007604563,0.0
align000,0.0,0,cross_language_top1_id_accuracy_de_to_en,0.9543726235741445,0.9543726235741445,0.0
align000,0.0,0,cross_language_top1_id_accuracy_en_to_de,0.9448669201520913,0.9448669201520913,0.0
align000,0.0,0,cross_language_mrr_de_to_en,0.976869455006337,0.976869455006337,0.0
align000,0.0,0,cross_language_mrr_en_to_de,0.9717997465145753,0.9717997465145753,0.0
align000,0.0,0,mean_cross_language_parent_child_distance,6.1059990841069895,6.1059990841069895,0.0
align000,0.0,0,mean_parent_child_distance,6.10454198252948,6.10454198252948,0.0
align000,0.0,0,mean_sibling_distance,1.7933776541834785,1.7933776541834785,0.0
align000,0.0,0,mean_unrelated_distance,5.797380099165123,5.797380099165123,0.0
align000,0.0,1,mean_same_id_cross_language_distance,0.7830130068351561,0.7830130068351561,0.0
align000,0.0,1,cross_language_top1_id_accuracy,0.9334600760456274,0.9334600760456274,0.0
align000,0.0,1,cross_language_mrr,0.9640367553865652,0.9640367553865652,0.0
align000,0.0,1,cross_language_top1_id_accuracy_de_to_en,0.935361216730038,0.935361216730038,0.0
align000,0.0,1,cross_language_top1_id_accuracy_en_to_de,0.9315589353612167,0.9315589353612167,0.0
align000,0.0,1,cross_language_mrr_de_to_en,0.9653041825095057,0.9653041825095057,0.0
align000,0.0,1,cross_language_mrr_en_to_de,0.9627693282636248,0.9627693282636248,0.0
align000,0.0,1,mean_cross_language_parent_child_distance,6.174462143855747,6.174462143855747,0.0
align000,0.0,1,mean_parent_child_distance,6.172612697173175,6.172612697173175,0.0
align000,0.0,1,mean_sibling_distance,1.8078399242518783,1.8078399242518783,0.0
align000,0.0,1,mean_unrelated_distance,5.907636051168913,5.907636051168913,0.0
align000,0.0,2,mean_same_id_cross_language_distance,0.7523199780472332,0.7523199780472332,0.0
align000,0.0,2,cross_language_top1_id_accuracy,0.94106463878327,0.94106463878327,0.0
align000,0.0,2,cross_language_mrr,0.9685836501901142,0.9685836501901142,0.0
align000,0.0,2,cross_language_top1_id_accuracy_de_to_en,0.9391634980988594,0.9391634980988594,0.0
align000,0.0,2,cross_language_top1_id_accuracy_en_to_de,0.9429657794676806,0.9429657794676806,0.0
align000,0.0,2,cross_language_mrr_de_to_en,0.9679974651457541,0.9679974651457541,0.0
align000,0.0,2,cross_language_mrr_en_to_de,0.969169835234474,0.969169835234474,0.0
align000,0.0,2,mean_cross_language_parent_child_distance,6.274992566577272,6.274992566577272,0.0
align000,0.0,2,mean_parent_child_distance,6.274129242106899,6.274129242106899,0.0
align000,0.0,2,mean_sibling_distance,1.7688937255572448,1.7688937255572448,0.0
align000,0.0,2,mean_unrelated_distance,5.817767420819051,5.817767420819051,0.0
align000,0.0,3,mean_same_id_cross_language_distance,0.7870418652042237,0.7870418652042237,0.0
align000,0.0,3,cross_language_top1_id_accuracy,0.9153992395437263,0.9153992395437263,0.0
align000,0.0,3,cross_language_mrr,0.9538973384030418,0.9538973384030418,0.0
align000,0.0,3,cross_language_top1_id_accuracy_de_to_en,0.903041825095057,0.903041825095057,0.0
align000,0.0,3,cross_language_top1_id_accuracy_en_to_de,0.9277566539923955,0.9277566539923955,0.0
align000,0.0,3,cross_language_mrr_de_to_en,0.9469264892268695,0.9469264892268695,0.0
align000,0.0,3,cross_language_mrr_en_to_de,0.9608681875792142,0.9608681875792142,0.0
align000,0.0,3,mean_cross_language_parent_child_distance,6.356737062191458,6.356737062191458,0.0
align000,0.0,3,mean_parent_child_distance,6.354852715668651,6.354852715668651,0.0
align000,0.0,3,mean_sibling_distance,1.7791926468605603,1.7791926468605603,0.0
align000,0.0,3,mean_unrelated_distance,5.869495334790686,5.869495334790686,0.0
align000,0.0,4,mean_same_id_cross_language_distance,0.7568748185956433,0.7568748185956433,0.0
align000,0.0,4,cross_language_top1_id_accuracy,0.9429657794676806,0.9429657794676806,0.0
align000,0.0,4,cross_language_mrr,0.9689005069708493,0.9689005069708493,0.0
align000,0.0,4,cross_language_top1_id_accuracy_de_to_en,0.9372623574144486,0.9372623574144486,0.0
align000,0.0,4,cross_language_top1_id_accuracy_en_to_de,0.9486692015209125,0.9486692015209125,0.0
align000,0.0,4,cross_language_mrr_de_to_en,0.9664765525982257,0.9664765525982257,0.0
align000,0.0,4,cross_language_mrr_en_to_de,0.9713244613434727,0.9713244613434727,0.0
align000,0.0,4,mean_cross_language_parent_child_distance,6.306685846665002,6.306685846665002,0.0
align000,0.0,4,mean_parent_child_distance,6.303433816786676,6.303433816786676,0.0
align000,0.0,4,mean_sibling_distance,1.834204550042297,1.834204550042297,0.0
align000,0.0,4,mean_unrelated_distance,5.843632368477125,5.843632368477125,0.0
align000,0.0,5,mean_same_id_cross_language_distance,0.760310213063833,0.760310213063833,0.0
align000,0.0,5,cross_language_top1_id_accuracy,0.9448669201520913,0.9448669201520913,0.0
align000,0.0,5,cross_language_mrr,0.971641318124208,0.971641318124208,0.0
align000,0.0,5,cross_language_top1_id_accuracy_de_to_en,0.9391634980988594,0.9391634980988594,0.0
align000,0.0,5,cross_language_top1_id_accuracy_en_to_de,0.9505703422053232,0.9505703422053232,0.0
align000,0.0,5,cross_language_mrr_de_to_en,0.9686311787072244,0.9686311787072244,0.0
align000,0.0,5,cross_language_mrr_en_to_de,0.9746514575411913,0.9746514575411913,0.0
align000,0.0,5,mean_cross_language_parent_child_distance,6.239526959053584,6.239526959053584,0.0
align000,0.0,5,mean_parent_child_distance,6.236576724833377,6.236576724833377,0.0
align000,0.0,5,mean_sibling_distance,1.7726901218101576,1.7726901218101576,0.0
align000,0.0,5,mean_unrelated_distance,5.743597639037629,5.743597639037629,0.0
align000,0.0,6,mean_same_id_cross_language_distance,0.7417977192216046,0.7417977192216046,0.0
align000,0.0,6,cross_language_top1_id_accuracy,0.9268060836501901,0.9268060836501901,0.0
align000,0.0,6,cross_language_mrr,0.9604721166032955,0.9604721166032955,0.0
align000,0.0,6,cross_language_top1_id_accuracy_de_to_en,0.9220532319391636,0.9220532319391636,0.0
align000,0.0,6,cross_language_top1_id_accuracy_en_to_de,0.9315589353612167,0.9315589353612167,0.0
align000,0.0,6,cross_language_mrr_de_to_en,0.9569074778200253,0.9569074778200253,0.0
align000,0.0,6,cross_language_mrr_en_to_de,0.9640367553865651,0.9640367553865651,0.0
align000,0.0,6,mean_cross_language_parent_child_distance,6.142891011486164,6.142891011486164,0.0
align000,0.0,6,mean_parent_child_distance,6.1412319075854525,6.1412319075854525,0.0
align000,0.0,6,mean_sibling_distance,1.7897685851369585,1.7897685851369585,0.0
align000,0.0,6,mean_unrelated_distance,5.822840489758738,5.822840489758738,0.0
align000,0.0,7,mean_same_id_cross_language_distance,0.7704516919790112,0.7704516919790112,0.0
align000,0.0,7,cross_language_top1_id_accuracy,0.9258555133079848,0.9258555133079848,0.0
align000,0.0,7,cross_language_mrr,0.9598067173637516,0.9598067173637516,0.0
align000,0.0,7,cross_language_top1_id_accuracy_de_to_en,0.9334600760456274,0.9334600760456274,0.0
align000,0.0,7,cross_language_top1_id_accuracy_en_to_de,0.9182509505703422,0.9182509505703422,0.0
align000,0.0,7,cross_language_mrr_de_to_en,0.9630544993662864,0.9630544993662864,0.0
align000,0.0,7,cross_language_mrr_en_to_de,0.9565589353612167,0.9565589353612167,0.0
align000,0.0,7,mean_cross_language_parent_child_distance,6.2237289794837345,6.2237289794837345,0.0
align000,0.0,7,mean_parent_child_distance,6.221014902541174,6.221014902541174,0.0
align000,0.0,7,mean_sibling_distance,1.8053510698018136,1.8053510698018136,0.0
align000,0.0,7,mean_unrelated_distance,5.814127013937148,5.814127013937148,0.0
align000,0.0,8,mean_same_id_cross_language_distance,0.7565206067757008,0.7565206067757008,0.0
align000,0.0,8,cross_language_top1_id_accuracy,0.9448669201520913,0.9448669201520913,0.0
align000,0.0,8,cross_language_mrr,0.9698193916349812,0.9698193916349812,0.0
align000,0.0,8,cross_language_top1_id_accuracy_de_to_en,0.9448669201520913,0.9448669201520913,0.0
align000,0.0,8,cross_language_top1_id_accuracy_en_to_de,0.9448669201520913,0.9448669201520913,0.0
align000,0.0,8,cross_language_mrr_de_to_en,0.969740177439797,0.969740177439797,0.0
align000,0.0,8,cross_language_mrr_en_to_de,0.9698986058301647,0.9698986058301647,0.0
align000,0.0,8,mean_cross_language_parent_child_distance,6.319221709964363,6.319221709964363,0.0
align000,0.0,8,mean_parent_child_distance,6.3164175792466235,6.3164175792466235,0.0
align000,0.0,8,mean_sibling_distance,1.8265503909422722,1.8265503909422722,0.0
align000,0.0,8,mean_unrelated_distance,5.968122534935465,5.968122534935465,0.0
align000,0.0,9,mean_same_id_cross_language_distance,0.7690920436563601,0.7690920436563601,0.0
align000,0.0,9,cross_language_top1_id_accuracy,0.9230038022813688,0.9230038022813688,0.0
align000,0.0,9,cross_language_mrr,0.9584917617237009,0.9584917617237009,0.0
align000,0.0,9,cross_language_top1_id_accuracy_de_to_en,0.9182509505703422,0.9182509505703422,0.0
align000,0.0,9,cross_language_top1_id_accuracy_en_to_de,0.9277566539923955,0.9277566539923955,0.0
align000,0.0,9,cross_language_mrr_de_to_en,0.9562737642585551,0.9562737642585551,0.0
align000,0.0,9,cross_language_mrr_en_to_de,0.9607097591888466,0.9607097591888466,0.0
align000,0.0,9,mean_cross_language_parent_child_distance,6.00434728555367,6.00434728555367,0.0
align000,0.0,9,mean_parent_child_distance,6.001499199913186,6.001499199913186,0.0
align000,0.0,9,mean_sibling_distance,1.8433354204738295,1.8433354204738295,0.0
align000,0.0,9,mean_unrelated_distance,5.7805030517591725,5.7805030517591725,0.0
align003,0.03,0,mean_same_id_cross_language_distance,0.7128329456645727,0.7128329456645727,0.0
align003,0.03,0,cross_language_top1_id_accuracy,0.9553231939163498,0.9553231939163498,0.0
align003,0.03,0,cross_language_mrr,0.9773447401774399,0.9773447401774399,0.0
align003,0.03,0,cross_language_top1_id_accuracy_de_to_en,0.9543726235741445,0.9543726235741445,0.0
align003,0.03,0,cross_language_top1_id_accuracy_en_to_de,0.9562737642585551,0.9562737642585551,0.0
align003,0.03,0,cross_language_mrr_de_to_en,0.9771863117870723,0.9771863117870723,0.0
align003,0.03,0,cross_language_mrr_en_to_de,0.9775031685678073,0.9775031685678073,0.0
align003,0.03,0,mean_cross_language_parent_child_distance,6.090872376870099,6.090872376870099,0.0
align003,0.03,0,mean_parent_child_distance,6.0888881883180215,6.0888881883180215,0.0
align003,0.03,0,mean_sibling_distance,1.7934647061866082,1.7934647061866082,0.0
align003,0.03,0,mean_unrelated_distance,5.785230572685996,5.785230572685996,0.0
align003,0.03,1,mean_same_id_cross_language_distance,0.7714072516889173,0.7714072516889173,0.0
align003,0.03,1,cross_language_top1_id_accuracy,0.9363117870722434,0.9363117870722434,0.0
align003,0.03,1,cross_language_mrr,0.9660171102661597,0.9660171102661597,0.0
align003,0.03,1,cross_language_top1_id_accuracy_de_to_en,0.935361216730038,0.935361216730038,0.0
align003,0.03,1,cross_language_top1_id_accuracy_en_to_de,0.9372623574144486,0.9372623574144486,0.0
align003,0.03,1,cross_language_mrr_de_to_en,0.9665716096324461,0.9665716096324461,0.0
align003,0.03,1,cross_language_mrr_en_to_de,0.9654626108998733,0.9654626108998733,0.0
align003,0.03,1,mean_cross_language_parent_child_distance,6.167555896303328,6.167555896303328,0.0
align003,0.03,1,mean_parent_child_distance,6.165808036377894,6.165808036377894,0.0
align003,0.03,1,mean_sibling_distance,1.8090929658317463,1.8090929658317463,0.0
align003,0.03,1,mean_unrelated_distance,5.9054139301804085,5.9054139301804085,0.0
align003,0.03,2,mean_same_id_cross_language_distance,0.7389096708352122,0.7389096708352122,0.0
align003,0.03,2,cross_language_top1_id_accuracy,0.9429657794676806,0.9429657794676806,0.0
align003,0.03,2,cross_language_mrr,0.9698510773130545,0.9698510773130545,0.0
align003,0.03,2,cross_language_top1_id_accuracy_de_to_en,0.9372623574144486,0.9372623574144486,0.0
align003,0.03,2,cross_language_top1_id_accuracy_en_to_de,0.9486692015209125,0.9486692015209125,0.0
align003,0.03,2,cross_language_mrr_de_to_en,0.967680608365019,0.967680608365019,0.0
align003,0.03,2,cross_language_mrr_en_to_de,0.9720215462610899,0.9720215462610899,0.0
align003,0.03,2,mean_cross_language_parent_child_distance,6.253041089385001,6.253041089385001,0.0
align003,0.03,2,mean_parent_child_distance,6.2520307270318325,6.2520307270318325,0.0
align003,0.03,2,mean_sibling_distance,1.7709784426472404,1.7709784426472404,0.0
align003,0.03,2,mean_unrelated_distance,5.803616245946503,5.803616245946503,0.0
align003,0.03,3,mean_same_id_cross_language_distance,0.7703501991785978,0.7703501991785978,0.0
align003,0.03,3,cross_language_top1_id_accuracy,0.9182509505703422,0.9182509505703422,0.0
align003,0.03,3,cross_language_mrr,0.9565906210392903,0.9565906210392903,0.0
align003,0.03,3,cross_language_top1_id_accuracy_de_to_en,0.908745247148289,0.908745247148289,0.0
align003,0.03,3,cross_language_top1_id_accuracy_en_to_de,0.9277566539923955,0.9277566539923955,0.0
align003,0.03,3,cross_language_mrr_de_to_en,0.9519961977186312,0.9519961977186312,0.0
align003,0.03,3,cross_language_mrr_en_to_de,0.9611850443599492,0.9611850443599492,0.0
align003,0.03,3,mean_cross_language_parent_child_distance,6.3572343567203236,6.3572343567203236,0.0
align003,0.03,3,mean_parent_child_distance,6.3548955131817415,6.3548955131817415,0.0
align003,0.03,3,mean_sibling_distance,1.7794549779974538,1.7794549779974538,0.0
align003,0.03,3,mean_unrelated_distance,5.873105697135508,5.873105697135508,0.0
align003,0.03,4,mean_same_id_cross_language_distance,0.7439219533490591,0.7439219533490591,0.0
align003,0.03,4,cross_language_top1_id_accuracy,0.9363117870722434,0.9363117870722434,0.0
align003,0.03,4,cross_language_mrr,0.9660171102661599,0.9660171102661599,0.0
align003,0.03,4,cross_language_top1_id_accuracy_de_to_en,0.9391634980988594,0.9391634980988594,0.0
align003,0.03,4,cross_language_top1_id_accuracy_en_to_de,0.9334600760456274,0.9334600760456274,0.0
align003,0.03,4,cross_language_mrr_de_to_en,0.9679974651457539,0.9679974651457539,0.0
align003,0.03,4,cross_language_mrr_en_to_de,0.9640367553865652,0.9640367553865652,0.0
align003,0.03,4,mean_cross_language_parent_child_distance,6.296239590828589,6.296239590828589,0.0
align003,0.03,4,mean_parent_child_distance,6.293814318487869,6.293814318487869,0.0
align003,0.03,4,mean_sibling_distance,1.8390998393297195,1.8390998393297195,0.0
align003,0.03,4,mean_unrelated_distance,5.838700377669171,5.838700377669171,0.0
align003,0.03,5,mean_same_id_cross_language_distance,0.7576596354180416,0.7576596354180416,0.0
align003,0.03,5,cross_language_top1_id_accuracy,0.9401140684410646,0.9401140684410646,0.0
align003,0.03,5,cross_language_mrr,0.9694233206590621,0.9694233206590621,0.0
align003,0.03,5,cross_language_top1_id_accuracy_de_to_en,0.9429657794676806,0.9429657794676806,0.0
align003,0.03,5,cross_language_top1_id_accuracy_en_to_de,0.9372623574144486,0.9372623574144486,0.0
align003,0.03,5,cross_language_mrr_de_to_en,0.9711660329531051,0.9711660329531051,0.0
align003,0.03,5,cross_language_mrr_en_to_de,0.9676806083650189,0.9676806083650189,0.0
align003,0.03,5,mean_cross_language_parent_child_distance,6.235940603162512,6.235940603162512,0.0
align003,0.03,5,mean_parent_child_distance,6.2327320019863475,6.2327320019863475,0.0
align003,0.03,5,mean_sibling_distance,1.7780245232246654,1.7780245232246654,0.0
align003,0.03,5,mean_unrelated_distance,5.742570745401056,5.742570745401056,0.0
align003,0.03,6,mean_same_id_cross_language_distance,0.7361232685952133,0.7361232685952133,0.0
align003,0.03,6,cross_language_top1_id_accuracy,0.9344106463878327,0.9344106463878327,0.0
align003,0.03,6,cross_language_mrr,0.9645437262357415,0.9645437262357415,0.0
align003,0.03,6,cross_language_top1_id_accuracy_de_to_en,0.9277566539923955,0.9277566539923955,0.0
align003,0.03,6,cross_language_top1_id_accuracy_en_to_de,0.94106463878327,0.94106463878327,0.0
align003,0.03,6,cross_language_mrr_de_to_en,0.9606147021546261,0.9606147021546261,0.0
align003,0.03,6,cross_language_mrr_en_to_de,0.9684727503168568,0.9684727503168568,0.0
align003,0.03,6,mean_cross_language_parent_child_distance,6.142901461707834,6.142901461707834,0.0
align003,0.03,6,mean_parent_child_distance,6.14149597752301,6.14149597752301,0.0
align003,0.03,6,mean_sibling_distance,1.794481213281165,1.794481213281165,0.0
align003,0.03,6,mean_unrelated_distance,5.822202824821037,5.822202824821037,0.0
align003,0.03,7,mean_same_id_cross_language_distance,0.7555528845737189,0.7555528845737189,0.0
align003,0.03,7,cross_language_top1_id_accuracy,0.9363117870722434,0.9363117870722434,0.0
align003,0.03,7,cross_language_mrr,0.9655576679340939,0.9655576679340939,0.0
align003,0.03,7,cross_language_top1_id_accuracy_de_to_en,0.9467680608365019,0.9467680608365019,0.0
align003,0.03,7,cross_language_top1_id_accuracy_en_to_de,0.9258555133079848,0.9258555133079848,0.0
align003,0.03,7,cross_language_mrr_de_to_en,0.9701837769328263,0.9701837769328263,0.0
align003,0.03,7,cross_language_mrr_en_to_de,0.9609315589353611,0.9609315589353611,0.0
align003,0.03,7,mean_cross_language_parent_child_distance,6.211987332571908,6.211987332571908,0.0
align003,0.03,7,mean_parent_child_distance,6.209489640472941,6.209489640472941,0.0
align003,0.03,7,mean_sibling_distance,1.8090228520946585,1.8090228520946585,0.0
align003,0.03,7,mean_unrelated_distance,5.805755664300556,5.805755664300556,0.0
align003,0.03,8,mean_same_id_cross_language_distance,0.7466553793263979,0.7466553793263979,0.0
align003,0.03,8,cross_language_top1_id_accuracy,0.9420152091254753,0.9420152091254753,0.0
align003,0.03,8,cross_language_mrr,0.968155893536122,0.968155893536122,0.0
align003,0.03,8,cross_language_top1_id_accuracy_de_to_en,0.94106463878327,0.94106463878327,0.0
align003,0.03,8,cross_language_top1_id_accuracy_en_to_de,0.9429657794676806,0.9429657794676806,0.0
align003,0.03,8,cross_language_mrr_de_to_en,0.9681558935361215,0.9681558935361215,0.0
align003,0.03,8,cross_language_mrr_en_to_de,0.9681558935361214,0.9681558935361214,0.0
align003,0.03,8,mean_cross_language_parent_child_distance,6.3122739385318205,6.3122739385318205,0.0
align003,0.03,8,mean_parent_child_distance,6.309310059326922,6.309310059326922,0.0
align003,0.03,8,mean_sibling_distance,1.827286994431442,1.827286994431442,0.0
align003,0.03,8,mean_unrelated_distance,5.96333264466021,5.96333264466021,0.0
align003,0.03,9,mean_same_id_cross_language_distance,0.7522593145134785,0.7522593145134785,0.0
align003,0.03,9,cross_language_top1_id_accuracy,0.9230038022813688,0.9230038022813688,0.0
align003,0.03,9,cross_language_mrr,0.9589670468948036,0.9589670468948036,0.0
align003,0.03,9,cross_language_top1_id_accuracy_de_to_en,0.9201520912547528,0.9201520912547528,0.0
align003,0.03,9,cross_language_top1_id_accuracy_en_to_de,0.9258555133079848,0.9258555133079848,0.0
align003,0.03,9,cross_language_mrr_de_to_en,0.9578580481622306,0.9578580481622306,0.0
align003,0.03,9,cross_language_mrr_en_to_de,0.9600760456273765,0.9600760456273765,0.0
align003,0.03,9,mean_cross_language_parent_child_distance,5.991910524680665,5.991910524680665,0.0
align003,0.03,9,mean_parent_child_distance,5.989600151490155,5.989600151490155,0.0
align003,0.03,9,mean_sibling_distance,1.844427511547551,1.844427511547551,0.0
align003,0.03,9,mean_unrelated_distance,5.773840513406144,5.773840513406144,0.0
align010,0.1,0,mean_same_id_cross_language_distance,0.74349319257777,0.74349319257777,0.0
align010,0.1,0,cross_language_top1_id_accuracy,0.9268060836501901,0.9268060836501901,0.0
align010,0.1,0,cross_language_mrr,0.9564773035899465,0.9564773035899465,0.0
align010,0.1,0,cross_language_top1_id_accuracy_de_to_en,0.9334600760456274,0.9334600760456274,0.0
align010,0.1,0,cross_language_top1_id_accuracy_en_to_de,0.9201520912547528,0.9201520912547528,0.0
align010,0.1,0,cross_language_mrr_de_to_en,0.9605750950570341,0.9605750950570341,0.0
align010,0.1,0,cross_language_mrr_en_to_de,0.952379512122858,0.952379512122858,0.0
align010,0.1,0,mean_cross_language_parent_child_distance,5.998753703857893,5.998753703857893,0.0
align010,0.1,0,mean_parent_child_distance,5.997288392688039,5.997288392688039,0.0
align010,0.1,0,mean_sibling_distance,1.8392683257917306,1.8392683257917306,0.0
align010,0.1,0,mean_unrelated_distance,5.725367604326386,5.725367604326386,0.0
align010,0.1,1,mean_same_id_cross_language_distance,0.7806851092173572,0.7806851092173572,0.0
align010,0.1,1,cross_language_top1_id_accuracy,0.9268060836501901,0.9268060836501901,0.0
align010,0.1,1,cross_language_mrr,0.9572141499185227,0.9572141499185227,0.0
align010,0.1,1,cross_language_top1_id_accuracy_de_to_en,0.9315589353612167,0.9315589353612167,0.0
align010,0.1,1,cross_language_top1_id_accuracy_en_to_de,0.9220532319391636,0.9220532319391636,0.0
align010,0.1,1,cross_language_mrr_de_to_en,0.9600873619409741,0.9600873619409741,0.0
align010,0.1,1,cross_language_mrr_en_to_de,0.9543409378960707,0.9543409378960707,0.0
align010,0.1,1,mean_cross_language_parent_child_distance,6.124588166817535,6.124588166817535,0.0
align010,0.1,1,mean_parent_child_distance,6.123344114061036,6.123344114061036,0.0
align010,0.1,1,mean_sibling_distance,1.846594406767583,1.846594406767583,0.0
align010,0.1,1,mean_unrelated_distance,5.884991299743435,5.884991299743435,0.0
align010,0.1,2,mean_same_id_cross_language_distance,0.7769040075828367,0.7769040075828367,0.0
align010,0.1,2,cross_language_top1_id_accuracy,0.9287072243346007,0.9287072243346007,0.0
align010,0.1,2,cross_language_mrr,0.9562528726026827,0.9562528726026827,0.0
align010,0.1,2,cross_language_top1_id_accuracy_de_to_en,0.9296577946768061,0.9296577946768061,0.0
align010,0.1,2,cross_language_top1_id_accuracy_en_to_de,0.9277566539923955,0.9277566539923955,0.0
align010,0.1,2,cross_language_mrr_de_to_en,0.9564478613908273,0.9564478613908273,0.0
align010,0.1,2,cross_language_mrr_en_to_de,0.9560578838145378,0.9560578838145378,0.0
align010,0.1,2,mean_cross_language_parent_child_distance,6.200290957397579,6.200290957397579,0.0
align010,0.1,2,mean_parent_child_distance,6.196962876356635,6.196962876356635,0.0
align010,0.1,2,mean_sibling_distance,1.8300810375641952,1.8300810375641952,0.0
align010,0.1,2,mean_unrelated_distance,5.769393228022771,5.769393228022771,0.0
align010,0.1,3,mean_same_id_cross_language_distance,0.7935157428166258,0.7935157428166258,0.0
align010,0.1,3,cross_language_top1_id_accuracy,0.9268060836501901,0.9268060836501901,0.0
align010,0.1,3,cross_language_mrr,0.9546128776166801,0.9546128776166801,0.0
align010,0.1,3,cross_language_top1_id_accuracy_de_to_en,0.9239543726235742,0.9239543726235742,0.0
align010,0.1,3,cross_language_top1_id_accuracy_en_to_de,0.9296577946768061,0.9296577946768061,0.0
align010,0.1,3,cross_language_mrr_de_to_en,0.9527211381774121,0.9527211381774121,0.0
align010,0.1,3,cross_language_mrr_en_to_de,0.9565046170559476,0.9565046170559476,0.0
align010,0.1,3,mean_cross_language_parent_child_distance,6.310318036575538,6.310318036575538,0.0
align010,0.1,3,mean_parent_child_distance,6.307528731680559,6.307528731680559,0.0
align010,0.1,3,mean_sibling_distance,1.832050291361747,1.832050291361747,0.0
align010,0.1,3,mean_unrelated_distance,5.859816421234109,5.859816421234109,0.0
align010,0.1,4,mean_same_id_cross_language_distance,0.7767768150386701,0.7767768150386701,0.0
align010,0.1,4,cross_language_top1_id_accuracy,0.9239543726235742,0.9239543726235742,0.0
align010,0.1,4,cross_language_mrr,0.9548211043603388,0.9548211043603388,0.0
align010,0.1,4,cross_language_top1_id_accuracy_de_to_en,0.9258555133079848,0.9258555133079848,0.0
align010,0.1,4,cross_language_top1_id_accuracy_en_to_de,0.9220532319391636,0.9220532319391636,0.0
align010,0.1,4,cross_language_mrr_de_to_en,0.955742607054916,0.955742607054916,0.0
align010,0.1,4,cross_language_mrr_en_to_de,0.9538996016657614,0.9538996016657614,0.0
align010,0.1,4,mean_cross_language_parent_child_distance,6.234925313262352,6.234925313262352,0.0
align010,0.1,4,mean_parent_child_distance,6.234158420838373,6.234158420838373,0.0
align010,0.1,4,mean_sibling_distance,1.884555384516716,1.884555384516716,0.0
align010,0.1,4,mean_unrelated_distance,5.801449012280417,5.801449012280417,0.0
align010,0.1,5,mean_same_id_cross_language_distance,0.7793970339481822,0.7793970339481822,0.0
align010,0.1,5,cross_language_top1_id_accuracy,0.9268060836501901,0.9268060836501901,0.0
align010,0.1,5,cross_language_mrr,0.9565076461896006,0.9565076461896006,0.0
align010,0.1,5,cross_language_top1_id_accuracy_de_to_en,0.9277566539923955,0.9277566539923955,0.0
align010,0.1,5,cross_language_top1_id_accuracy_en_to_de,0.9258555133079848,0.9258555133079848,0.0
align010,0.1,5,cross_language_mrr_de_to_en,0.9574134656747127,0.9574134656747127,0.0
align010,0.1,5,cross_language_mrr_en_to_de,0.9556018267044882,0.9556018267044882,0.0
align010,0.1,5,mean_cross_language_parent_child_distance,6.198023326135095,6.198023326135095,0.0
align010,0.1,5,mean_parent_child_distance,6.194140850923424,6.194140850923424,0.0
align010,0.1,5,mean_sibling_distance,1.8259123376695625,1.8259123376695625,0.0
align010,0.1,5,mean_unrelated_distance,5.71875481789103,5.71875481789103,0.0
align010,0.1,6,mean_same_id_cross_language_distance,0.7622401214314505,0.7622401214314505,0.0
align010,0.1,6,cross_language_top1_id_accuracy,0.9306083650190115,0.9306083650190115,0.0
align010,0.1,6,cross_language_mrr,0.9606087010792336,0.9606087010792336,0.0
align010,0.1,6,cross_language_top1_id_accuracy_de_to_en,0.935361216730038,0.935361216730038,0.0
align010,0.1,6,cross_language_top1_id_accuracy_en_to_de,0.9258555133079848,0.9258555133079848,0.0
align010,0.1,6,cross_language_mrr_de_to_en,0.9616022391212504,0.9616022391212504,0.0
align010,0.1,6,cross_language_mrr_en_to_de,0.9596151630372163,0.9596151630372163,0.0
align010,0.1,6,mean_cross_language_parent_child_distance,6.081122637713805,6.081122637713805,0.0
align010,0.1,6,mean_parent_child_distance,6.079376223229719,6.079376223229719,0.0
align010,0.1,6,mean_sibling_distance,1.8364653866012375,1.8364653866012375,0.0
align010,0.1,6,mean_unrelated_distance,5.804043898224378,5.804043898224378,0.0
align010,0.1,7,mean_same_id_cross_language_distance,0.7827544726233066,0.7827544726233066,0.0
align010,0.1,7,cross_language_top1_id_accuracy,0.9230038022813688,0.9230038022813688,0.0
align010,0.1,7,cross_language_mrr,0.9551353431106284,0.9551353431106284,0.0
align010,0.1,7,cross_language_top1_id_accuracy_de_to_en,0.9201520912547528,0.9201520912547528,0.0
align010,0.1,7,cross_language_top1_id_accuracy_en_to_de,0.9258555133079848,0.9258555133079848,0.0
align010,0.1,7,cross_language_mrr_de_to_en,0.9536438529784538,0.9536438529784538,0.0
align010,0.1,7,cross_language_mrr_en_to_de,0.9566268332428027,0.9566268332428027,0.0
align010,0.1,7,mean_cross_language_parent_child_distance,6.128077197626147,6.128077197626147,0.0
align010,0.1,7,mean_parent_child_distance,6.123878762901174,6.123878762901174,0.0
align010,0.1,7,mean_sibling_distance,1.8524950338261468,1.8524950338261468,0.0
align010,0.1,7,mean_unrelated_distance,5.75446043982252,5.75446043982252,0.0
align010,0.1,8,mean_same_id_cross_language_distance,0.7737863230387975,0.7737863230387975,0.0
align010,0.1,8,cross_language_top1_id_accuracy,0.9096958174904943,0.9096958174904943,0.0
align010,0.1,8,cross_language_mrr,0.9487823953799128,0.9487823953799128,0.0
align010,0.1,8,cross_language_top1_id_accuracy_de_to_en,0.9125475285171103,0.9125475285171103,0.0
align010,0.1,8,cross_language_top1_id_accuracy_en_to_de,0.9068441064638784,0.9068441064638784,0.0
align010,0.1,8,cross_language_mrr_de_to_en,0.9514426302840527,0.9514426302840527,0.0
align010,0.1,8,cross_language_mrr_en_to_de,0.9461221604757726,0.9461221604757726,0.0
align010,0.1,8,mean_cross_language_parent_child_distance,6.256396160879117,6.256396160879117,0.0
align010,0.1,8,mean_parent_child_distance,6.252428781090444,6.252428781090444,0.0
align010,0.1,8,mean_sibling_distance,1.8642626787289913,1.8642626787289913,0.0
align010,0.1,8,mean_unrelated_distance,5.929097157637429,5.929097157637429,0.0
align010,0.1,9,mean_same_id_cross_language_distance,0.7868534105585555,0.7868534105585555,0.0
align010,0.1,9,cross_language_top1_id_accuracy,0.9039923954372624,0.9039923954372624,0.0
align010,0.1,9,cross_language_mrr,0.9456790885498114,0.9456790885498114,0.0
align010,0.1,9,cross_language_top1_id_accuracy_de_to_en,0.9049429657794676,0.9049429657794676,0.0
align010,0.1,9,cross_language_top1_id_accuracy_en_to_de,0.903041825095057,0.903041825095057,0.0
align010,0.1,9,cross_language_mrr_de_to_en,0.9464904339429052,0.9464904339429052,0.0
align010,0.1,9,cross_language_mrr_en_to_de,0.9448677431567164,0.9448677431567164,0.0
align010,0.1,9,mean_cross_language_parent_child_distance,5.913101615933325,5.913101615933325,0.0
align010,0.1,9,mean_parent_child_distance,5.910826320593068,5.910826320593068,0.0
align010,0.1,9,mean_sibling_distance,1.8789892540478603,1.8789892540478603,0.0
align010,0.1,9,mean_unrelated_distance,5.716871612255564,5.716871612255564,0.0
align030,0.3,0,mean_same_id_cross_language_distance,0.9371671404108801,0.9371671404108801,0.0
align030,0.3,0,cross_language_top1_id_accuracy,0.8688212927756654,0.8688212927756654,0.0
align030,0.3,0,cross_language_mrr,0.9103491530567996,0.9103491530567996,0.0
align030,0.3,0,cross_language_top1_id_accuracy_de_to_en,0.876425855513308,0.876425855513308,0.0
align030,0.3,0,cross_language_top1_id_accuracy_en_to_de,0.8612167300380228,0.8612167300380228,0.0
align030,0.3,0,cross_language_mrr_de_to_en,0.9153637413476807,0.9153637413476807,0.0
align030,0.3,0,cross_language_mrr_en_to_de,0.9053345647659169,0.9053345647659169,0.0
align030,0.3,0,mean_cross_language_parent_child_distance,5.720900035777303,5.720900035777303,0.0
align030,0.3,0,mean_parent_child_distance,5.717820610384491,5.717820610384491,0.0
align030,0.3,0,mean_sibling_distance,2.068568953962037,2.068568953962037,0.0
align030,0.3,0,mean_unrelated_distance,5.551505055660984,5.551505055660984,0.0
align030,0.3,1,mean_same_id_cross_language_distance,0.9526245559463029,0.9526245559463029,0.0
align030,0.3,1,cross_language_top1_id_accuracy,0.8697718631178707,0.8697718631178707,0.0
align030,0.3,1,cross_language_mrr,0.9097611808689265,0.9097611808689265,0.0
align030,0.3,1,cross_language_top1_id_accuracy_de_to_en,0.8631178707224335,0.8631178707224335,0.0
align030,0.3,1,cross_language_top1_id_accuracy_en_to_de,0.876425855513308,0.876425855513308,0.0
align030,0.3,1,cross_language_mrr_de_to_en,0.9071488926787683,0.9071488926787683,0.0
align030,0.3,1,cross_language_mrr_en_to_de,0.912373469059083,0.912373469059083,0.0
align030,0.3,1,mean_cross_language_parent_child_distance,5.874162231222053,5.874162231222053,0.0
align030,0.3,1,mean_parent_child_distance,5.8676999365203875,5.8676999365203875,0.0
align030,0.3,1,mean_sibling_distance,2.0355906127206174,2.0355906127206174,0.0
align030,0.3,1,mean_unrelated_distance,5.73587422730125,5.73587422730125,0.0
align030,0.3,2,mean_same_id_cross_language_distance,0.9471737777268932,0.9471737777268932,0.0
align030,0.3,2,cross_language_top1_id_accuracy,0.873574144486692,0.873574144486692,0.0
align030,0.3,2,cross_language_mrr,0.9175075720402035,0.9175075720402035,0.0
align030,0.3,2,cross_language_top1_id_accuracy_de_to_en,0.8783269961977186,0.8783269961977186,0.0
align030,0.3,2,cross_language_top1_id_accuracy_en_to_de,0.8688212927756654,0.8688212927756654,0.0
align030,0.3,2,cross_language_mrr_de_to_en,0.9194858926671241,0.9194858926671241,0.0
align030,0.3,2,cross_language_mrr_en_to_de,0.9155292514132817,0.9155292514132817,0.0
align030,0.3,2,mean_cross_language_parent_child_distance,5.996254418856377,5.996254418856377,0.0
align030,0.3,2,mean_parent_child_distance,5.993034141371475,5.993034141371475,0.0
align030,0.3,2,mean_sibling_distance,2.0464544335614034,2.0464544335614034,0.0
align030,0.3,2,mean_unrelated_distance,5.629669083048635,5.629669083048635,0.0
align030,0.3,3,mean_same_id_cross_language_distance,0.9974213443951462,0.9974213443951462,0.0
align030,0.3,3,cross_language_top1_id_accuracy,0.8593155893536122,0.8593155893536122,0.0
align030,0.3,3,cross_language_mrr,0.9078273783452359,0.9078273783452359,0.0
align030,0.3,3,cross_language_top1_id_accuracy_de_to_en,0.8631178707224335,0.8631178707224335,0.0
align030,0.3,3,cross_language_top1_id_accuracy_en_to_de,0.8555133079847909,0.8555133079847909,0.0
align030,0.3,3,cross_language_mrr_de_to_en,0.9106762156021877,0.9106762156021877,0.0
align030,0.3,3,cross_language_mrr_en_to_de,0.9049785410882829,0.9049785410882829,0.0
align030,0.3,3,mean_cross_language_parent_child_distance,5.999379984216194,5.999379984216194,0.0
align030,0.3,3,mean_parent_child_distance,5.994269133992278,5.994269133992278,0.0
align030,0.3,3,mean_sibling_distance,2.0582442573912734,2.0582442573912734,0.0
align030,0.3,3,mean_unrelated_distance,5.681899599022739,5.681899599022739,0.0
align030,0.3,4,mean_same_id_cross_language_distance,0.9372769062736642,0.9372769062736642,0.0
align030,0.3,4,cross_language_top1_id_accuracy,0.8754752851711026,0.8754752851711026,0.0
align030,0.3,4,cross_language_mrr,0.9171362834467093,0.9171362834467093,0.0
align030,0.3,4,cross_language_top1_id_accuracy_de_to_en,0.8745247148288974,0.8745247148288974,0.0
align030,0.3,4,cross_language_top1_id_accuracy_en_to_de,0.876425855513308,0.876425855513308,0.0
align030,0.3,4,cross_language_mrr_de_to_en,0.9162126159283563,0.9162126159283563,0.0
align030,0.3,4,cross_language_mrr_en_to_de,0.9180599509650614,0.9180599509650614,0.0
align030,0.3,4,mean_cross_language_parent_child_distance,6.038098325159738,6.038098325159738,0.0
align030,0.3,4,mean_parent_child_distance,6.035404125849406,6.035404125849406,0.0
align030,0.3,4,mean_sibling_distance,2.102483600894094,2.102483600894094,0.0
align030,0.3,4,mean_unrelated_distance,5.6658463402166115,5.6658463402166115,0.0
align030,0.3,5,mean_same_id_cross_language_distance,0.9019771477512081,0.9019771477512081,0.0
align030,0.3,5,cross_language_top1_id_accuracy,0.8859315589353612,0.8859315589353612,0.0
align030,0.3,5,cross_language_mrr,0.9234413737977696,0.9234413737977696,0.0
align030,0.3,5,cross_language_top1_id_accuracy_de_to_en,0.8802281368821293,0.8802281368821293,0.0
align030,0.3,5,cross_language_top1_id_accuracy_en_to_de,0.8916349809885932,0.8916349809885932,0.0
align030,0.3,5,cross_language_mrr_de_to_en,0.9209565628394829,0.9209565628394829,0.0
align030,0.3,5,cross_language_mrr_en_to_de,0.9259261847560557,0.9259261847560557,0.0
align030,0.3,5,mean_cross_language_parent_child_distance,6.00534113684601,6.00534113684601,0.0
align030,0.3,5,mean_parent_child_distance,5.999330887904746,5.999330887904746,0.0
align030,0.3,5,mean_sibling_distance,2.006537224629741,2.006537224629741,0.0
align030,0.3,5,mean_unrelated_distance,5.590313478114487,5.590313478114487,0.0
align030,0.3,6,mean_same_id_cross_language_distance,0.8820980005957781,0.8820980005957781,0.0
align030,0.3,6,cross_language_top1_id_accuracy,0.8906844106463878,0.8906844106463878,0.0
align030,0.3,6,cross_language_mrr,0.9296668733369503,0.9296668733369503,0.0
align030,0.3,6,cross_language_top1_id_accuracy_de_to_en,0.8859315589353612,0.8859315589353612,0.0
align030,0.3,6,cross_language_top1_id_accuracy_en_to_de,0.8954372623574145,0.8954372623574145,0.0
align030,0.3,6,cross_language_mrr_de_to_en,0.9247465657939434,0.9247465657939434,0.0
align030,0.3,6,cross_language_mrr_en_to_de,0.9345871808799565,0.9345871808799565,0.0
align030,0.3,6,mean_cross_language_parent_child_distance,5.785153878217487,5.785153878217487,0.0
align030,0.3,6,mean_parent_child_distance,5.780520030069443,5.780520030069443,0.0
align030,0.3,6,mean_sibling_distance,2.0121493598857483,2.0121493598857483,0.0
align030,0.3,6,mean_unrelated_distance,5.629269932386086,5.629269932386086,0.0
align030,0.3,7,mean_same_id_cross_language_distance,0.9491435528481414,0.9491435528481414,0.0
align030,0.3,7,cross_language_top1_id_accuracy,0.8783269961977186,0.8783269961977186,0.0
align030,0.3,7,cross_language_mrr,0.9160448093251915,0.9160448093251915,0.0
align030,0.3,7,cross_language_top1_id_accuracy_de_to_en,0.876425855513308,0.876425855513308,0.0
align030,0.3,7,cross_language_top1_id_accuracy_en_to_de,0.8802281368821293,0.8802281368821293,0.0
align030,0.3,7,cross_language_mrr_de_to_en,0.9145341141260794,0.9145341141260794,0.0
align030,0.3,7,cross_language_mrr_en_to_de,0.9175555045243035,0.9175555045243035,0.0
align030,0.3,7,mean_cross_language_parent_child_distance,5.852286336164713,5.852286336164713,0.0
align030,0.3,7,mean_parent_child_distance,5.848090130584548,5.848090130584548,0.0
align030,0.3,7,mean_sibling_distance,2.0569720237931133,2.0569720237931133,0.0
align030,0.3,7,mean_unrelated_distance,5.540197986500345,5.540197986500345,0.0
align030,0.3,8,mean_same_id_cross_language_distance,0.9993066173542589,0.9993066173542589,0.0
align030,0.3,8,cross_language_top1_id_accuracy,0.8564638783269962,0.8564638783269962,0.0
align030,0.3,8,cross_language_mrr,0.9042295084405643,0.9042295084405643,0.0
align030,0.3,8,cross_language_top1_id_accuracy_de_to_en,0.8498098859315589,0.8498098859315589,0.0
align030,0.3,8,cross_language_top1_id_accuracy_en_to_de,0.8631178707224335,0.8631178707224335,0.0
align030,0.3,8,cross_language_mrr_de_to_en,0.8990199674866012,0.8990199674866012,0.0
align030,0.3,8,cross_language_mrr_en_to_de,0.909439049394527,0.909439049394527,0.0
align030,0.3,8,mean_cross_language_parent_child_distance,6.011221158711208,6.011221158711208,0.0
align030,0.3,8,mean_parent_child_distance,6.002047089942388,6.002047089942388,0.0
align030,0.3,8,mean_sibling_distance,2.072468101268723,2.072468101268723,0.0
align030,0.3,8,mean_unrelated_distance,5.7530474377222385,5.7530474377222385,0.0
align030,0.3,9,mean_same_id_cross_language_distance,0.9978468966574723,0.9978468966574723,0.0
align030,0.3,9,cross_language_top1_id_accuracy,0.8612167300380228,0.8612167300380228,0.0
align030,0.3,9,cross_language_mrr,0.9067033896058375,0.9067033896058375,0.0
align030,0.3,9,cross_language_top1_id_accuracy_de_to_en,0.8593155893536122,0.8593155893536122,0.0
align030,0.3,9,cross_language_top1_id_accuracy_en_to_de,0.8631178707224335,0.8631178707224335,0.0
align030,0.3,9,cross_language_mrr_de_to_en,0.9057228819443504,0.9057228819443504,0.0
align030,0.3,9,cross_language_mrr_en_to_de,0.9076838972673249,0.9076838972673249,0.0
align030,0.3,9,mean_cross_language_parent_child_distance,5.687791220714591,5.687791220714591,0.0
align030,0.3,9,mean_parent_child_distance,5.681702646905976,5.681702646905976,0.0
align030,0.3,9,mean_sibling_distance,2.1007127473493674,2.1007127473493674,0.0
align030,0.3,9,mean_unrelated_distance,5.5248961788619875,5.5248961788619875,0.0
align100,1.0,0,mean_same_id_cross_language_distance,1.142304027148526,1.142304027148526,0.0
align100,1.0,0,cross_language_top1_id_accuracy,0.80893536121673,0.80893536121673,0.0
align100,1.0,0,cross_language_mrr,0.8680514369253454,0.8680514369253454,0.0
align100,1.0,0,cross_language_top1_id_accuracy_de_to_en,0.7946768060836502,0.7946768060836502,0.0
align100,1.0,0,cross_language_top1_id_accuracy_en_to_de,0.8231939163498099,0.8231939163498099,0.0
align100,1.0,0,cross_language_mrr_de_to_en,0.8616340475273924,0.8616340475273924,0.0
align100,1.0,0,cross_language_mrr_en_to_de,0.8744688263232973,0.8744688263232973,0.0
align100,1.0,0,mean_cross_language_parent_child_distance,4.611113416666241,4.611113416666241,0.0
align100,1.0,0,mean_parent_child_distance,4.602498023209085,4.602498023209085,0.0
align100,1.0,0,mean_sibling_distance,2.3783554534762454,2.3783554534762454,0.0
align100,1.0,0,mean_unrelated_distance,4.55170936451892,4.55170936451892,0.0
align100,1.0,1,mean_same_id_cross_language_distance,1.2270049658451696,1.2270049658451696,0.0
align100,1.0,1,cross_language_top1_id_accuracy,0.7975285171102662,0.7975285171102662,0.0
align100,1.0,1,cross_language_mrr,0.8575784572109695,0.8575784572109695,0.0
align100,1.0,1,cross_language_top1_id_accuracy_de_to_en,0.8041825095057035,0.8041825095057035,0.0
align100,1.0,1,cross_language_top1_id_accuracy_en_to_de,0.7908745247148289,0.7908745247148289,0.0
align100,1.0,1,cross_language_mrr_de_to_en,0.8632438530551517,0.8632438530551517,0.0
align100,1.0,1,cross_language_mrr_en_to_de,0.8519130613667875,0.8519130613667875,0.0
align100,1.0,1,mean_cross_language_parent_child_distance,4.93455208082879,4.93455208082879,0.0
align100,1.0,1,mean_parent_child_distance,4.927518579656678,4.927518579656678,0.0
align100,1.0,1,mean_sibling_distance,2.4473997897657997,2.4473997897657997,0.0
align100,1.0,1,mean_unrelated_distance,4.912253773484394,4.912253773484394,0.0
align100,1.0,2,mean_same_id_cross_language_distance,1.1919405228058195,1.1919405228058195,0.0
align100,1.0,2,cross_language_top1_id_accuracy,0.7984790874524715,0.7984790874524715,0.0
align100,1.0,2,cross_language_mrr,0.8627038354885411,0.8627038354885411,0.0
align100,1.0,2,cross_language_top1_id_accuracy_de_to_en,0.7984790874524715,0.7984790874524715,0.0
align100,1.0,2,cross_language_top1_id_accuracy_en_to_de,0.7984790874524715,0.7984790874524715,0.0
align100,1.0,2,cross_language_mrr_de_to_en,0.8640354792427383,0.8640354792427383,0.0
align100,1.0,2,cross_language_mrr_en_to_de,0.8613721917343438,0.8613721917343438,0.0
align100,1.0,2,mean_cross_language_parent_child_distance,4.960445772361204,4.960445772361204,0.0
align100,1.0,2,mean_parent_child_distance,4.955344692360689,4.955344692360689,0.0
align100,1.0,2,mean_sibling_distance,2.4473164697617165,2.4473164697617165,0.0
align100,1.0,2,mean_unrelated_distance,4.843692585032702,4.843692585032702,0.0
align100,1.0,3,mean_same_id_cross_language_distance,1.1942260271016183,1.1942260271016183,0.0
align100,1.0,3,cross_language_top1_id_accuracy,0.8022813688212928,0.8022813688212928,0.0
align100,1.0,3,cross_language_mrr,0.862813013259133,0.862813013259133,0.0
align100,1.0,3,cross_language_top1_id_accuracy_de_to_en,0.811787072243346,0.811787072243346,0.0
align100,1.0,3,cross_language_top1_id_accuracy_en_to_de,0.7927756653992395,0.7927756653992395,0.0
align100,1.0,3,cross_language_mrr_de_to_en,0.8672375127736992,0.8672375127736992,0.0
align100,1.0,3,cross_language_mrr_en_to_de,0.8583885137445638,0.8583885137445638,0.0
align100,1.0,3,mean_cross_language_parent_child_distance,5.034539180798797,5.034539180798797,0.0
align100,1.0,3,mean_parent_child_distance,5.0361989694064295,5.0361989694064295,0.0
align100,1.0,3,mean_sibling_distance,2.4189496561562343,2.4189496561562343,0.0
align100,1.0,3,mean_unrelated_distance,4.814622022919782,4.814622022919782,0.0
align100,1.0,4,mean_same_id_cross_language_distance,1.2186765387767622,1.2186765387767622,0.0
align100,1.0,4,cross_language_top1_id_accuracy,0.7842205323193916,0.7842205323193916,0.0
align100,1.0,4,cross_language_mrr,0.8512844423842991,0.8512844423842991,0.0
align100,1.0,4,cross_language_top1_id_accuracy_de_to_en,0.785171102661597,0.785171102661597,0.0
align100,1.0,4,cross_language_top1_id_accuracy_en_to_de,0.7832699619771863,0.7832699619771863,0.0
align100,1.0,4,cross_language_mrr_de_to_en,0.8522965092202957,0.8522965092202957,0.0
align100,1.0,4,cross_language_mrr_en_to_de,0.8502723755483016,0.8502723755483016,0.0
align100,1.0,4,mean_cross_language_parent_child_distance,5.145224958600796,5.145224958600796,0.0
align100,1.0,4,mean_parent_child_distance,5.139270345025439,5.139270345025439,0.0
align100,1.0,4,mean_sibling_distance,2.420861784255866,2.420861784255866,0.0
align100,1.0,4,mean_unrelated_distance,4.926937930597552,4.926937930597552,0.0
align100,1.0,5,mean_same_id_cross_language_distance,1.1787355560880197,1.1787355560880197,0.0
align100,1.0,5,cross_language_top1_id_accuracy,0.8108365019011406,0.8108365019011406,0.0
align100,1.0,5,cross_language_mrr,0.8698628852121963,0.8698628852121963,0.0
align100,1.0,5,cross_language_top1_id_accuracy_de_to_en,0.811787072243346,0.811787072243346,0.0
align100,1.0,5,cross_language_top1_id_accuracy_en_to_de,0.8098859315589354,0.8098859315589354,0.0
align100,1.0,5,cross_language_mrr_de_to_en,0.8685233493272512,0.8685233493272512,0.0
align100,1.0,5,cross_language_mrr_en_to_de,0.8712024210971402,0.8712024210971402,0.0
align100,1.0,5,mean_cross_language_parent_child_distance,5.141367401575996,5.141367401575996,0.0
align100,1.0,5,mean_parent_child_distance,5.135537207126617,5.135537207126617,0.0
align100,1.0,5,mean_sibling_distance,2.374981803553445,2.374981803553445,0.0
align100,1.0,5,mean_unrelated_distance,4.942351483120211,4.942351483120211,0.0
align100,1.0,6,mean_same_id_cross_language_distance,1.1514206281066395,1.1514206281066395,0.0
align100,1.0,6,cross_language_top1_id_accuracy,0.8222433460076045,0.8222433460076045,0.0
align100,1.0,6,cross_language_mrr,0.8770277356166759,0.8770277356166759,0.0
align100,1.0,6,cross_language_top1_id_accuracy_de_to_en,0.8231939163498099,0.8231939163498099,0.0
align100,1.0,6,cross_language_top1_id_accuracy_en_to_de,0.8212927756653993,0.8212927756653993,0.0
align100,1.0,6,cross_language_mrr_de_to_en,0.8770875532867726,0.8770875532867726,0.0
align100,1.0,6,cross_language_mrr_en_to_de,0.8769679179465787,0.8769679179465787,0.0
align100,1.0,6,mean_cross_language_parent_child_distance,4.908021697534072,4.908021697534072,0.0
align100,1.0,6,mean_parent_child_distance,4.899972724776736,4.899972724776736,0.0
align100,1.0,6,mean_sibling_distance,2.366988079630451,2.366988079630451,0.0
align100,1.0,6,mean_unrelated_distance,4.892730162680829,4.892730162680829,0.0
align100,1.0,7,mean_same_id_cross_language_distance,1.2211888327684692,1.2211888327684692,0.0
align100,1.0,7,cross_language_top1_id_accuracy,0.776615969581749,0.776615969581749,0.0
align100,1.0,7,cross_language_mrr,0.8432462130572447,0.8432462130572447,0.0
align100,1.0,7,cross_language_top1_id_accuracy_de_to_en,0.7813688212927756,0.7813688212927756,0.0
align100,1.0,7,cross_language_top1_id_accuracy_en_to_de,0.7718631178707225,0.7718631178707225,0.0
align100,1.0,7,cross_language_mrr_de_to_en,0.845208209938038,0.845208209938038,0.0
align100,1.0,7,cross_language_mrr_en_to_de,0.8412842161764504,0.8412842161764504,0.0
align100,1.0,7,mean_cross_language_parent_child_distance,4.777087780896409,4.777087780896409,0.0
align100,1.0,7,mean_parent_child_distance,4.76088301030657,4.76088301030657,0.0
align100,1.0,7,mean_sibling_distance,2.3997550474487856,2.3997550474487856,0.0
align100,1.0,7,mean_unrelated_distance,4.760653260089598,4.760653260089598,0.0
align100,1.0,8,mean_same_id_cross_language_distance,1.2750466198522328,1.2750466198522328,0.0
align100,1.0,8,cross_language_top1_id_accuracy,0.7585551330798479,0.7585551330798479,0.0
align100,1.0,8,cross_language_mrr,0.8345798386497194,0.8345798386497194,0.0
align100,1.0,8,cross_language_top1_id_accuracy_de_to_en,0.7699619771863118,0.7699619771863118,0.0
align100,1.0,8,cross_language_top1_id_accuracy_en_to_de,0.747148288973384,0.747148288973384,0.0
align100,1.0,8,cross_language_mrr_de_to_en,0.8387527511571461,0.8387527511571461,0.0
align100,1.0,8,cross_language_mrr_en_to_de,0.8304069261422914,0.8304069261422914,0.0
align100,1.0,8,mean_cross_language_parent_child_distance,5.10932417928828,5.10932417928828,0.0
align100,1.0,8,mean_parent_child_distance,5.104132052905757,5.104132052905757,0.0
align100,1.0,8,mean_sibling_distance,2.482536669610899,2.482536669610899,0.0
align100,1.0,8,mean_unrelated_distance,4.933103543610628,4.933103543610628,0.0
align100,1.0,9,mean_same_id_cross_language_distance,1.1694951129673552,1.1694951129673552,0.0
align100,1.0,9,cross_language_top1_id_accuracy,0.7832699619771863,0.7832699619771863,0.0
align100,1.0,9,cross_language_mrr,0.8494397049040767,0.8494397049040767,0.0
align100,1.0,9,cross_language_top1_id_accuracy_de_to_en,0.779467680608365,0.779467680608365,0.0
align100,1.0,9,cross_language_top1_id_accuracy_en_to_de,0.7870722433460076,0.7870722433460076,0.0
align100,1.0,9,cross_language_mrr_de_to_en,0.8492553135212974,0.8492553135212974,0.0
align100,1.0,9,cross_language_mrr_en_to_de,0.8496240962868546,0.8496240962868546,0.0
align100,1.0,9,mean_cross_language_parent_child_distance,4.581655943439645,4.581655943439645,0.0
align100,1.0,9,mean_parent_child_distance,4.574405269298939,4.574405269298939,0.0
align100,1.0,9,mean_sibling_distance,2.3516741307911935,2.3516741307911935,0.0
align100,1.0,9,mean_unrelated_distance,4.499830128802093,4.499830128802093,0.0
